State,District,Jan,Feb,Mar,Apr,May,Jun,Jul,Aug,Sep,Oct,Nov,Dec,Annual_Rainfall,Jan_Feb,Mar_May,Jun_Sep,Oct_Dec,Winter_Rainfall,Summer_Rainfall,Monsoon_Rainfall,Post_Monsoon_Rainfall,Max_Monthly_Rainfall,Min_Monthly_Rainfall,Rainfall_STD,Monsoon_Contribution,Rainfall_Category
ANDAMAN And NICOBAR ISLANDS,NICOBAR,107.3,57.9,65.2,117.0,358.5,295.5,285.0,271.9,354.8,326.0,315.2,250.9,2805.2,165.2,540.7,1207.2,892.1,165.2,540.7,1207.2,892.1,358.5,57.9,113.81863031182814,43.03436475117639,High
ANDAMAN And NICOBAR ISLANDS,SOUTH ANDAMAN,43.7,26.0,18.6,90.5,374.4,457.2,421.3,423.1,455.6,301.2,275.8,128.3,3015.7,69.7,483.5,1757.2,705.3,69.7,483.5,1757.1999999999998,705.3,457.2,18.6,178.32176973271115,58.26839539742017,High
ANDAMAN And NICOBAR ISLANDS,N & M ANDAMAN,32.7,15.9,8.6,53.4,343.6,503.3,465.4,460.9,454.8,276.1,198.6,100.0,2913.3,48.6,405.6,1884.4,574.7,48.6,405.6,1884.3999999999999,574.7,503.3,8.6,197.68782610699398,64.68266227302371,High
ARUNACHAL PRADESH,LOHIT,42.2,80.8,176.4,358.5,306.4,447.0,660.1,427.8,313.6,167.1,34.1,29.8,3043.8,123.0,841.3,1848.5,231.0,123.0,841.3,1848.5,231.0,660.1,29.8,199.23532226079703,60.73000854195413,High
ARUNACHAL PRADESH,EAST SIANG,33.3,79.5,105.9,216.5,323.0,738.3,990.9,711.2,568.0,206.9,29.5,31.7,4034.7,112.8,645.4,3008.4,268.1,112.8,645.4,3008.3999999999996,268.1,990.9,29.5,332.1226611441239,74.56316454755,High
ARUNACHAL PRADESH,SUBANSIRI F.D,28.0,48.3,85.3,101.5,140.5,228.4,217.4,182.8,159.8,75.9,20.9,11.6,1300.4,76.3,327.3,788.4,108.4,76.3,327.3,788.4000000000001,108.4,228.4,11.6,76.4132584085122,60.62749923100584,Moderate
ARUNACHAL PRADESH,TIRAP,42.2,72.7,141.0,316.9,328.7,614.7,851.9,500.6,418.3,218.7,42.9,22.9,3571.5,114.9,786.6,2385.5,284.5,114.9,786.5999999999999,2385.5,284.49999999999994,851.9,22.9,261.43106209338,66.79266414671706,High
ARUNACHAL PRADESH,ANJAW (LOHIT),42.2,80.8,176.4,358.5,306.4,447.0,660.1,427.8,313.6,167.1,34.1,29.8,3043.8,123.0,841.3,1848.5,231.0,123.0,841.3,1848.5,231.0,660.1,29.8,199.23532226079703,60.73000854195413,High
ARUNACHAL PRADESH,LOWER DIBANG,83.7,153.9,303.5,383.6,268.0,374.2,272.0,160.5,266.7,167.2,64.0,56.0,2553.3,237.6,955.1,1073.4,287.2,237.60000000000002,955.1,1073.4,287.2,383.6,56.0,114.64741304618181,42.03971331218423,High
ARUNACHAL PRADESH,CHANGLANG,70.3,170.9,367.9,554.4,334.2,526.2,460.8,291.5,353.6,275.0,64.9,74.2,3543.9,241.2,1256.5,1632.1,414.1,241.2,1256.5,1632.1,414.09999999999997,554.4,64.9,172.2886010316833,46.05378255594119,High
ARUNACHAL PRADESH,PAPUM PARE,33.5,67.8,106.1,226.9,453.0,640.5,609.5,503.4,492.3,214.7,19.2,11.3,3378.2,101.3,786.0,2245.7,245.2,101.3,786.0,2245.7000000000003,245.2,640.5,11.3,242.4764424671295,66.4762299449411,High
ARUNACHAL PRADESH,LOW SUBANSIRI,97.5,109.3,92.4,204.3,266.2,284.1,248.9,270.5,192.7,78.5,49.5,27.2,1921.1,206.8,562.9,996.2,155.2,206.8,562.9000000000001,996.2,155.2,284.1,27.2,94.07889782066708,51.85570766748218,High
ARUNACHAL PRADESH,UPPER SIANG,74.3,176.7,362.6,397.5,408.7,801.9,653.0,417.9,686.0,264.9,86.9,71.7,4402.1,251.0,1168.8,2558.8,423.5,251.0,1168.8,2558.8,423.49999999999994,801.9,71.7,247.8899882768136,58.126803116694305,High
ARUNACHAL PRADESH,WEST SIANG,26.0,66.7,76.8,229.2,239.5,416.6,592.4,312.4,291.1,126.8,33.7,29.5,2440.7,92.7,545.5,1612.5,190.0,92.7,545.5,1612.5,190.0,592.4,26.0,178.2257121452934,66.06711189412874,High
ARUNACHAL PRADESH,DIBANG VALLEY,83.7,153.9,303.5,383.6,268.0,374.2,272.0,160.5,266.7,167.2,64.0,56.0,2553.3,237.6,955.1,1073.4,287.2,237.60000000000002,955.1,1073.4,287.2,383.6,56.0,114.64741304618181,42.03971331218423,High
ARUNACHAL PRADESH,WEST KAMENG,35.2,43.5,58.9,134.3,341.1,665.3,749.9,579.1,490.9,233.9,40.3,27.0,3399.4,78.7,534.3,2485.2,301.2,78.7,534.3000000000001,2485.2,301.2,749.9,27.0,272.4249449042077,73.1070188856857,High
ARUNACHAL PRADESH,EAST KAMENG,49.0,74.4,96.5,156.9,208.0,345.7,368.5,256.2,275.9,138.2,34.4,27.2,2030.9,123.4,461.4,1246.3,199.8,123.4,461.4,1246.3000000000002,199.79999999999998,368.5,27.2,120.41585110345605,61.36688167807377,High
ARUNACHAL PRADESH,TAWANG(W KAME,35.2,43.5,58.9,134.3,341.1,665.3,749.9,579.1,490.9,233.9,40.3,27.0,3399.4,78.7,534.3,2485.2,301.2,78.7,534.3000000000001,2485.2,301.2,749.9,27.0,272.4249449042077,73.1070188856857,High
ARUNACHAL PRADESH,KURUNG KUMEY,82.7,70.0,128.2,245.7,271.4,292.7,404.0,276.3,283.5,92.3,32.3,42.4,2221.5,152.7,645.3,1256.5,167.0,152.7,645.3,1256.5,167.0,404.0,32.3,123.5495346004994,56.560882286743194,High
ASSAM,CACHAR,13.3,50.2,168.3,262.5,386.4,532.1,526.2,470.8,360.8,182.4,34.8,11.4,2999.2,63.5,817.2,1889.9,228.6,63.5,817.2,1889.9,228.6,532.1,11.4,201.3793044044602,63.01347025873567,High
ASSAM,DARRANG,13.1,21.4,53.5,168.8,320.0,419.7,345.8,272.1,221.5,95.4,17.2,9.3,1957.8,34.5,542.3,1259.1,121.9,34.5,542.3,1259.1,121.9,419.7,9.3,148.71573554940312,64.31198283787924,High
ASSAM,GOALPARA,12.7,20.4,51.1,196.6,399.8,567.8,502.8,334.6,304.9,157.7,21.7,5.2,2575.3,33.1,647.5,1710.1,184.6,33.099999999999994,647.5,1710.1,184.59999999999997,567.8,5.2,203.26706328166281,66.40391410709431,High
ASSAM,KAMRUP,12.0,20.8,58.6,151.7,293.4,365.5,345.1,248.7,188.4,106.6,15.1,7.5,1813.4,32.8,503.7,1147.7,129.2,32.8,503.69999999999993,1147.7,129.2,365.5,7.5,135.09270105667395,63.28995257527297,High
ASSAM,LAKHIMPUR,27.7,48.6,76.7,165.5,331.9,528.3,605.2,467.6,424.1,140.3,23.0,20.4,2859.3,76.3,574.1,2025.2,183.7,76.3,574.0999999999999,2025.1999999999998,183.70000000000002,605.2,20.4,219.45553339199185,70.82852446402966,High
ASSAM,NORTH CACHAR,16.7,47.5,158.9,207.9,308.0,328.1,270.3,201.3,189.1,196.4,42.1,11.2,1977.5,64.2,674.8,988.8,249.7,64.2,674.8,988.8000000000001,249.7,328.1,11.2,111.78642345874106,50.00252844500632,High
ASSAM,NAGAON,12.0,22.5,48.1,128.9,171.3,285.9,326.3,294.1,218.6,120.0,21.6,10.8,1660.1,34.5,348.3,1124.9,152.4,34.5,348.3,1124.9,152.4,326.3,10.8,119.36812014126974,67.76097825432204,High
ASSAM,SIVASAGAR,20.1,33.2,78.3,126.5,257.1,255.5,374.8,342.3,196.9,96.3,20.3,10.3,1811.6,53.3,461.9,1169.5,126.9,53.300000000000004,461.90000000000003,1169.5,126.89999999999999,374.8,10.3,130.6399099073712,64.55619342018106,High
ASSAM,BARPETA,10.3,26.9,54.0,175.7,391.5,694.3,757.3,527.3,462.1,142.1,20.4,12.7,3274.6,37.2,621.2,2441.0,175.2,37.2,621.2,2441.0,175.2,757.3,10.3,279.9694815619385,74.54345568924448,High
ASSAM,DHUBRI,10.3,11.7,46.6,147.5,391.6,603.0,554.7,418.7,340.1,155.1,19.2,4.1,2702.6,22.0,585.7,1916.5,178.4,22.0,585.7,1916.5,178.39999999999998,603.0,4.1,224.73641867482868,70.91319470139865,High
ASSAM,DIBRUGARH,30.6,53.1,119.8,229.9,292.4,401.0,519.4,405.1,325.9,136.9,24.0,18.5,2556.6,83.7,642.1,1651.4,179.4,83.7,642.0999999999999,1651.4,179.4,519.4,18.5,173.81552132806053,64.59360087616366,High
ASSAM,JORHAT,22.2,36.7,80.1,204.6,277.4,288.8,390.7,346.9,272.7,121.7,25.6,15.6,2083.0,58.9,562.1,1299.1,162.9,58.900000000000006,562.0999999999999,1299.1000000000001,162.9,390.7,15.6,138.8131565243094,62.36677868458954,High
ASSAM,KARIMGANJ,13.2,35.2,169.7,340.4,604.0,645.2,646.0,438.0,418.7,240.4,86.8,13.2,3650.8,48.4,1114.1,2147.9,340.4,48.400000000000006,1114.1,2147.9,340.4,646.0,13.2,246.14442299125318,58.83368028925167,High
ASSAM,KOKRAJHAR,10.9,27.9,45.8,216.4,461.1,822.2,864.2,677.1,462.9,159.5,18.1,6.1,3772.2,38.8,723.3,2826.4,183.7,38.8,723.3,2826.4,183.7,864.2,6.1,330.02015503189006,74.92709824505594,High
ASSAM,SHONITPUR,19.4,23.1,50.0,144.3,284.1,363.1,384.2,337.9,229.2,109.7,20.9,12.6,1978.5,42.5,478.4,1314.4,143.2,42.5,478.40000000000003,1314.3999999999999,143.2,384.2,12.6,146.94774658793762,66.43416729845842,High
ASSAM,GOLAGHAT,16.9,29.5,65.2,135.9,245.6,254.2,314.7,271.4,209.3,103.7,19.6,14.7,1680.7,46.4,446.7,1049.6,138.0,46.4,446.70000000000005,1049.6,138.0,314.7,14.7,113.32621824813639,62.45016957220205,High
ASSAM,TINSUKIA,26.6,58.4,131.2,215.9,272.7,388.3,515.3,387.2,327.0,118.7,25.1,18.9,2485.3,85.0,619.8,1617.8,162.7,85.0,619.8,1617.8,162.70000000000002,515.3,18.9,169.44402378652865,65.09475717217236,High
ASSAM,HAILAKANDI,7.3,42.0,123.8,239.0,416.2,470.4,426.8,406.9,317.0,150.6,36.5,9.1,2645.6,49.3,779.0,1621.1,196.2,49.3,779.0,1621.1,196.2,470.4,7.3,180.35494969306464,61.27532506803749,High
ASSAM,DHEMAJI(LAKHI,27.7,48.6,76.7,165.5,331.9,528.3,605.2,467.6,424.1,140.3,23.0,20.4,2859.3,76.3,574.1,2025.2,183.7,76.3,574.0999999999999,2025.1999999999998,183.70000000000002,605.2,20.4,219.45553339199185,70.82852446402966,High
ASSAM,KARBI ANGLONG,12.8,24.1,53.8,106.3,139.4,224.9,238.7,220.5,182.9,100.1,26.3,11.2,1341.0,36.9,299.5,867.0,137.6,36.900000000000006,299.5,867.0,137.6,238.7,11.2,87.8955423422392,64.65324384787472,Moderate
ASSAM,UDALGURI(DARA,13.1,21.4,53.5,168.8,320.0,419.7,345.8,272.1,221.5,95.4,17.2,9.3,1957.8,34.5,542.3,1259.1,121.9,34.5,542.3,1259.1,121.9,419.7,9.3,148.71573554940312,64.31198283787924,High
ASSAM,KAMRUP METROP,12.0,20.8,58.6,151.7,293.4,365.5,345.1,248.7,188.4,106.6,15.1,7.5,1813.4,32.8,503.7,1147.7,129.2,32.8,503.69999999999993,1147.7,129.2,365.5,7.5,135.09270105667395,63.28995257527297,High
ASSAM,CHIRANG(BONGAI,10.0,31.2,57.5,183.4,442.0,626.3,776.6,486.8,406.4,168.2,18.7,11.6,3218.7,41.2,682.9,2296.1,198.5,41.2,682.9,2296.1,198.49999999999997,776.6,10.0,269.05784820706896,71.3362537670488,High
ASSAM,BAKSA BARPETA,10.3,26.9,54.0,175.7,391.5,694.3,757.3,527.3,462.1,142.1,20.4,12.7,3274.6,37.2,621.2,2441.0,175.2,37.2,621.2,2441.0,175.2,757.3,10.3,279.9694815619385,74.54345568924448,High
ASSAM,BONGAIGAON,10.0,31.2,57.5,183.4,442.0,626.3,776.6,486.8,406.4,168.2,18.7,11.6,3218.7,41.2,682.9,2296.1,198.5,41.2,682.9,2296.1,198.49999999999997,776.6,10.0,269.05784820706896,71.3362537670488,High
ASSAM,MORIGAON,18.7,24.4,51.6,116.8,169.1,310.1,374.8,309.2,221.4,119.3,19.9,8.2,1743.5,43.1,337.5,1215.5,147.4,43.099999999999994,337.5,1215.5000000000002,147.39999999999998,374.8,8.2,130.90038862594812,69.71608832807573,High
ASSAM,NALBARI,14.9,18.6,56.7,184.6,380.7,551.2,470.9,322.0,220.2,110.4,21.6,4.8,2356.6,33.5,622.0,1564.3,136.8,33.5,622.0,1564.3,136.8,551.2,4.8,193.1588128191333,66.37952983111262,High
MEGHALAYA,EAST KHASI HI,15.4,24.1,129.7,312.5,733.7,1476.2,1518.4,1019.4,607.8,277.9,40.3,10.7,6166.1,39.5,1175.9,4621.8,328.9,39.5,1175.9,4621.8,328.9,1518.4,10.7,560.6394149188997,74.95499586448484,High
MEGHALAYA,JAINTIA HILLS,33.8,44.1,115.1,282.3,598.8,1316.1,1591.3,933.8,826.3,517.7,110.9,9.7,6379.9,77.9,996.2,4667.5,638.3,77.9,996.1999999999999,4667.5,638.3000000000001,1591.3,9.7,536.1629848170039,73.1594539099359,High
MEGHALAYA,EAST GARO HIL,5.6,16.0,64.0,244.4,352.2,531.1,465.8,358.9,315.7,154.1,35.8,10.8,2554.4,21.6,660.6,1671.5,200.7,21.6,660.5999999999999,1671.5000000000002,200.7,531.1,5.6,189.99296318707715,65.43611024115252,High
MEGHALAYA,RI-BHOI,16.2,15.1,55.8,117.1,273.3,340.5,425.6,400.2,313.2,125.4,25.7,8.8,2116.9,31.3,446.2,1479.5,159.9,31.299999999999997,446.2,1479.5,159.9,425.6,8.8,162.47057612398808,69.88993339316926,High
MEGHALAYA,SOUTH GARO HI,6.8,10.7,48.7,180.9,350.0,492.6,476.4,385.2,327.3,155.7,16.1,9.4,2459.8,17.5,579.6,1681.5,181.2,17.5,579.6,1681.5,181.2,492.6,6.8,191.46453188435962,68.35921619643874,High
MEGHALAYA,W KHASI HILL,19.7,31.1,61.3,160.5,352.3,651.5,1050.3,607.9,465.3,192.5,32.1,18.5,3643.0,50.8,574.1,2775.0,243.1,50.8,574.1,2775.0,243.1,1050.3,18.5,330.4394039713934,76.17348339280812,High
MEGHALAYA,WEST GARO HIL,6.8,10.7,48.7,180.9,350.0,492.6,476.4,385.2,327.3,155.7,16.1,9.4,2459.8,17.5,579.6,1681.5,181.2,17.5,579.6,1681.5,181.2,492.6,6.8,191.46453188435962,68.35921619643874,High
MANIPUR,IMPHAL EAST,13.5,34.3,84.5,145.5,208.9,370.7,324.0,280.4,189.1,144.0,36.1,8.2,1839.2,47.8,438.9,1164.2,188.3,47.8,438.9,1164.2,188.29999999999998,370.7,8.2,124.42752789061468,63.299260548064375,High
MANIPUR,SENAPATI,13.3,29.9,47.5,124.7,198.4,368.2,366.1,326.6,220.1,156.0,57.0,14.8,1922.6,43.2,370.6,1281.0,227.8,43.2,370.6,1281.0,227.8,368.2,13.3,135.7548916468965,66.62852387392073,High
MANIPUR,TAMENGLONG,48.5,229.6,224.5,431.5,539.9,1158.7,1820.9,1522.1,726.3,376.1,144.0,7.2,7229.3,278.1,1195.9,5228.0,527.3,278.1,1195.9,5228.000000000001,527.3000000000001,1820.9,7.2,594.8814266241839,72.31682182230645,High
MANIPUR,CHANDEL,8.5,27.9,36.3,77.9,179.0,609.9,540.3,490.9,366.0,254.9,48.3,7.6,2647.5,36.4,293.2,2007.1,310.8,36.4,293.2,2007.1,310.8,609.9,7.6,226.10911334212875,75.81114258734655,High
MANIPUR,UKHRUL,14.5,36.1,56.9,76.6,122.2,348.3,296.8,243.3,169.1,122.7,49.4,13.1,1549.0,50.6,255.7,1057.5,185.2,50.6,255.7,1057.5,185.2,348.3,13.1,113.00099624125069,68.26985151710781,High
MANIPUR,THOUBAL,15.3,26.2,43.1,96.2,140.1,333.0,181.7,212.1,106.8,94.6,27.9,9.3,1286.3,41.5,279.4,833.6,131.8,41.5,279.4,833.6,131.8,333.0,9.3,97.18330812844292,64.8060328072767,Moderate
MANIPUR,BISHNUPUR,54.5,50.0,112.4,108.1,159.3,435.6,310.4,368.9,219.4,237.0,56.9,15.0,2127.5,104.5,379.8,1334.3,308.9,104.5,379.8,1334.3000000000002,308.9,435.6,15.0,137.48678917252266,62.716803760282026,High
MANIPUR,IMPHAL WEST,22.3,31.0,63.8,109.1,134.6,337.3,234.7,239.3,160.5,144.5,34.3,19.5,1530.9,53.3,307.5,971.8,198.3,53.3,307.5,971.8,198.3,337.3,19.5,102.05223372906107,63.478999281468404,High
MANIPUR,CHURACHANDPUR,13.0,31.1,72.7,187.3,238.0,422.1,407.6,382.6,348.3,173.2,50.1,11.4,2337.4,44.1,498.0,1560.6,234.7,44.1,498.0,1560.6000000000001,234.7,422.1,11.4,161.66751983529954,66.766492684179,High
MIZORAM,AIZAWL,13.8,31.2,107.9,185.8,351.4,467.7,448.7,480.7,390.9,254.5,65.3,16.5,2814.4,45.0,645.1,1788.0,336.3,45.0,645.1,1788.0,336.3,480.7,13.8,186.83880915393516,63.53041500852758,High
MIZORAM,CHAMPHAI,13.4,21.8,83.0,122.7,261.5,350.5,369.3,336.6,296.1,226.7,64.5,22.5,2168.6,35.2,467.2,1352.5,313.7,35.2,467.2,1352.5,313.7,369.3,13.4,139.91753307075587,62.36742598911741,High
MIZORAM,KOLASIB,13.4,40.0,131.6,183.5,316.4,437.6,431.9,453.2,369.8,219.8,49.9,12.9,2660.0,53.4,631.5,1692.5,282.6,53.4,631.5,1692.5,282.59999999999997,453.2,12.9,174.3528571256542,63.627819548872175,High
MIZORAM,LUNGLEI,5.5,21.8,88.0,119.3,310.3,459.4,514.6,481.7,410.6,245.4,65.9,8.6,2731.1,27.3,517.6,1866.3,319.9,27.3,517.6,1866.3000000000002,319.90000000000003,514.6,5.5,199.61762747054604,68.33510307202228,High
MIZORAM,CHHIMTUIPUI,13.8,31.2,107.9,185.8,351.4,467.7,448.7,480.7,390.9,254.5,65.3,16.5,2814.4,45.0,645.1,1788.0,336.3,45.0,645.1,1788.0,336.3,480.7,13.8,186.83880915393516,63.53041500852758,High
MIZORAM,LAWNGTLAI,8.3,27.5,66.7,122.9,319.8,437.2,493.9,408.8,365.8,231.5,66.0,9.2,2557.6,35.8,509.4,1705.7,306.7,35.8,509.40000000000003,1705.6999999999998,306.7,493.9,8.3,183.79377936517147,66.69142946512355,High
MIZORAM,MAMIT,13.8,31.2,107.9,185.8,351.4,467.7,448.7,480.7,390.9,254.5,65.3,16.5,2814.4,45.0,645.1,1788.0,336.3,45.0,645.1,1788.0,336.3,480.7,13.8,186.83880915393516,63.53041500852758,High
MIZORAM,SAIHA,6.7,31.0,69.7,116.7,335.4,384.8,437.9,412.2,387.7,214.2,67.9,16.4,2480.6,37.7,521.8,1622.6,298.5,37.7,521.8,1622.6000000000001,298.5,437.9,6.7,173.20593540813218,65.41159396920101,High
MIZORAM,SERCHHIP,15.4,33.8,103.6,150.9,294.3,395.9,477.1,430.7,346.7,167.3,71.6,18.5,2505.8,49.2,548.8,1650.4,257.4,49.199999999999996,548.8,1650.4,257.4,477.1,15.4,171.03050144416468,65.8631973820736,High
NAGALAND,KOHIMA,12.3,28.8,55.8,89.8,162.0,308.2,365.4,376.1,258.3,130.2,31.8,6.1,1824.8,41.1,307.6,1308.0,168.1,41.1,307.6,1307.9999999999998,168.1,376.1,6.1,139.99550209224796,71.67908811924593,High
NAGALAND,TUENSANG,23.7,26.8,65.7,177.2,225.7,350.3,441.8,352.2,241.8,122.5,41.6,10.7,2080.0,50.5,468.6,1386.1,174.8,50.5,468.59999999999997,1386.1,174.79999999999998,441.8,10.7,149.1381685999038,66.63942307692308,High
NAGALAND,MOKOKCHUNG,23.4,31.1,60.9,138.3,287.1,525.5,525.1,394.2,231.3,137.3,43.1,12.5,2409.8,54.5,486.3,1676.1,192.9,54.5,486.30000000000007,1676.1,192.9,525.5,12.5,191.75922797912887,69.55348991617561,High
NAGALAND,DIMAPUR,14.7,4.1,57.2,77.8,151.8,204.8,187.7,272.0,150.8,125.0,43.7,16.3,1305.9,18.8,286.8,815.3,185.0,18.799999999999997,286.8,815.3,185.0,272.0,4.1,86.43736697222394,62.43203920667738,Moderate
NAGALAND,WOKHA,20.4,42.1,96.7,144.3,325.6,416.3,495.6,478.9,277.9,127.7,55.7,16.5,2497.7,62.5,566.6,1668.7,199.9,62.5,566.6,1668.7000000000003,199.9,495.6,16.5,181.8297328338362,66.80946470753094,High
NAGALAND,MON,13.1,33.5,48.2,137.9,193.9,271.1,273.6,177.4,101.8,62.1,19.8,7.5,1339.9,46.6,380.0,823.9,89.4,46.6,380.0,823.9,89.4,273.6,7.5,97.75227928831434,61.48966340771699,Moderate
NAGALAND,ZUNHEBOTO,23.7,26.8,65.7,177.2,225.7,350.3,441.8,352.2,241.8,122.5,41.6,10.7,2080.0,50.5,468.6,1386.1,174.8,50.5,468.59999999999997,1386.1,174.79999999999998,441.8,10.7,149.1381685999038,66.63942307692308,High
NAGALAND,PHEK,12.3,28.8,55.8,89.8,162.0,308.2,365.4,376.1,258.3,130.2,31.8,6.1,1824.8,41.1,307.6,1308.0,168.1,41.1,307.6,1307.9999999999998,168.1,376.1,6.1,139.99550209224796,71.67908811924593,High
NAGALAND,KEPHRIE,23.7,26.8,65.7,177.2,225.7,350.3,441.8,352.2,241.8,122.5,41.6,10.7,2080.0,50.5,468.6,1386.1,174.8,50.5,468.59999999999997,1386.1,174.79999999999998,441.8,10.7,149.1381685999038,66.63942307692308,High
NAGALAND,LONGLENG,23.7,26.8,65.7,177.2,225.7,350.3,441.8,352.2,241.8,122.5,41.6,10.7,2080.0,50.5,468.6,1386.1,174.8,50.5,468.59999999999997,1386.1,174.79999999999998,441.8,10.7,149.1381685999038,66.63942307692308,High
NAGALAND,PEREN,12.3,28.8,55.8,89.8,162.0,308.2,365.4,376.1,258.3,130.2,31.8,6.1,1824.8,41.1,307.6,1308.0,168.1,41.1,307.6,1307.9999999999998,168.1,376.1,6.1,139.99550209224796,71.67908811924593,High
TRIPURA,NORTH TRIPURA,13.6,37.2,118.4,272.8,440.1,477.5,402.7,367.7,279.8,173.8,45.1,13.1,2641.8,50.8,831.3,1527.7,232.0,50.800000000000004,831.3000000000001,1527.7,232.0,477.5,13.1,175.3385997019896,57.82799606329018,High
TRIPURA,SOUTH TRIPURA,8.1,30.6,78.5,169.7,335.0,474.9,497.4,396.8,255.1,175.1,44.5,9.7,2475.4,38.7,583.2,1624.2,229.3,38.7,583.2,1624.1999999999998,229.29999999999998,497.4,8.1,182.34605379150196,65.61363819988688,High
TRIPURA,WEST TRIPURA,9.6,27.9,72.1,194.2,359.9,426.6,395.9,323.2,250.6,174.9,41.5,10.3,2286.7,37.5,626.2,1396.3,226.7,37.5,626.1999999999999,1396.3,226.70000000000002,426.6,9.6,158.39025715177704,61.06179210215594,High
TRIPURA,DHALAI,13.6,38.9,105.5,246.3,431.3,482.7,363.9,338.2,255.9,182.8,42.1,11.4,2512.6,52.5,783.1,1440.7,236.3,52.5,783.1,1440.7,236.3,482.7,11.4,168.95938098916682,57.33901138263155,High
WEST BENGAL,COOCH BEHAR,8.9,16.0,32.2,138.9,345.4,668.8,864.9,733.0,470.9,141.3,15.1,8.3,3443.7,24.9,516.5,2737.6,164.7,24.9,516.5,2737.6,164.70000000000002,864.9,8.3,319.9935315397371,79.49589104741993,High
WEST BENGAL,DARJEELING,48.3,33.8,57.7,130.5,262.3,534.7,756.9,645.9,502.8,118.9,16.8,9.9,3118.5,82.1,450.5,2440.3,145.6,82.1,450.5,2440.3,145.60000000000002,756.9,9.9,273.94919610295364,78.25236491903159,High
WEST BENGAL,JALPAIGURI,9.2,17.8,39.7,119.3,339.3,667.3,931.4,670.9,488.3,159.9,18.0,7.2,3468.3,27.0,498.3,2757.9,185.1,27.0,498.3,2757.9,185.1,931.4,7.2,324.2041924606943,79.51734279041605,High
WEST BENGAL,MALDA,13.6,10.5,14.5,34.8,106.2,216.6,332.9,284.8,283.0,102.5,13.2,6.8,1419.4,24.1,155.5,1117.3,122.5,24.1,155.5,1117.3,122.5,332.9,6.8,126.0477242471231,78.7163590249401,High
WEST BENGAL,SOUTH DINAJPUR,8.9,13.3,19.0,58.9,167.8,289.3,368.9,248.0,279.7,112.5,13.0,5.6,1584.9,22.2,245.7,1185.9,131.1,22.200000000000003,245.70000000000002,1185.9,131.1,368.9,5.6,133.24341447141018,74.8249100889646,High
WEST BENGAL,NORTH DINAJPUR,21.5,2.0,8.0,35.7,162.9,316.0,367.0,307.7,403.8,90.7,9.1,3.2,1727.6,23.5,206.6,1394.5,103.0,23.5,206.60000000000002,1394.5,103.0,403.8,2.0,159.60821540335078,80.718916415837,High
SIKKIM,NORTH SIKKIM,61.6,98.5,199.5,238.3,355.4,503.0,489.4,428.2,389.7,265.0,43.5,22.4,3094.5,160.1,793.2,1810.3,330.9,160.1,793.2,1810.3,330.9,503.0,22.4,175.48908862739225,58.50056551947003,High
SIKKIM,EAST SIKKIM,33.5,56.1,61.7,175.5,291.7,464.6,509.0,441.0,356.6,154.7,18.4,19.4,2582.2,89.6,528.9,1771.2,192.5,89.6,528.9,1771.1999999999998,192.5,509.0,18.4,188.18385996550066,68.59267291456898,High
SIKKIM,WEST SIKKIM,61.6,98.5,199.5,238.3,355.4,503.0,489.4,428.2,389.7,265.0,43.5,22.4,3094.5,160.1,793.2,1810.3,330.9,160.1,793.2,1810.3,330.9,503.0,22.4,175.48908862739225,58.50056551947003,High
SIKKIM,SOUTH SIKKIM,33.5,56.1,61.7,175.5,291.7,464.6,509.0,441.0,356.6,154.7,18.4,19.4,2582.2,89.6,528.9,1771.2,192.5,89.6,528.9,1771.1999999999998,192.5,509.0,18.4,188.18385996550066,68.59267291456898,High
WEST BENGAL,BANKURA,12.0,18.0,22.0,36.3,66.9,215.0,303.2,290.7,242.3,105.2,9.8,9.5,1330.9,30.0,125.2,1051.2,124.5,30.0,125.2,1051.2,124.5,303.2,9.5,117.45859973418358,78.9841460665715,Moderate
WEST BENGAL,BIRBHUM,13.4,16.1,21.2,30.9,78.7,222.3,313.9,298.8,271.0,105.1,15.8,5.6,1392.8,29.5,130.8,1106.0,126.5,29.5,130.8,1106.0,126.49999999999999,313.9,5.6,123.72219859120844,79.40838598506605,High
WEST BENGAL,BURDWAN,10.7,22.2,19.8,37.8,78.8,198.2,294.1,285.3,251.1,99.8,11.4,6.0,1315.2,32.9,136.4,1028.7,117.2,32.9,136.39999999999998,1028.7,117.2,294.1,6.0,114.74995741730245,78.21624087591242,Moderate
WEST BENGAL,HOOGHLY,11.9,26.6,28.2,50.6,108.5,243.4,316.1,265.1,243.3,102.1,16.0,6.9,1418.7,38.5,187.3,1067.9,125.0,38.5,187.3,1067.9,125.0,316.1,6.9,115.84272351299883,75.2731373792909,High
WEST BENGAL,HOWRAH,12.2,24.9,32.0,52.6,126.4,233.2,343.2,329.4,305.6,99.1,31.3,10.1,1600.0,37.1,211.0,1211.4,140.5,37.099999999999994,211.0,1211.4,140.5,343.2,10.1,132.1741092329173,75.7125,High
WEST BENGAL,PURULIA,14.3,20.7,24.6,36.1,57.3,222.1,298.7,307.0,266.7,91.5,16.7,7.6,1363.3,35.0,118.0,1094.5,115.8,35.0,118.0,1094.5,115.8,307.0,7.6,121.94607197321679,80.28313650700505,High
WEST BENGAL,MURSHIDABAD,16.8,11.2,19.0,34.0,87.0,237.6,328.6,256.9,256.2,126.3,11.0,6.5,1391.1,28.0,140.0,1079.3,143.8,28.0,140.0,1079.3,143.8,328.6,6.5,120.76013885535093,77.58608295593416,High
WEST BENGAL,NADIA,12.2,17.6,21.1,42.1,95.2,234.1,270.8,236.0,214.1,100.2,10.4,7.8,1261.6,29.8,158.4,955.0,118.4,29.8,158.4,955.0,118.4,270.8,7.8,104.00277385578218,75.6975269499049,Moderate
WEST BENGAL,NORTH 24 PARG,15.6,17.8,30.3,51.5,113.4,271.9,317.2,304.3,279.4,130.9,21.8,5.7,1559.8,33.4,195.2,1172.8,158.4,33.4,195.2,1172.7999999999997,158.4,317.2,5.7,126.88324506721868,75.18912681112961,High
WEST BENGAL,SOUTH 24 PARG,13.6,26.7,37.9,41.7,125.1,316.0,463.6,416.2,356.8,218.4,62.3,9.7,2088.0,40.3,204.7,1552.6,290.4,40.3,204.7,1552.6,290.4,463.6,9.7,171.46288758265393,74.35823754789271,High
WEST BENGAL,EAST MIDNAPOR,15.9,18.6,31.8,34.7,108.1,253.5,284.9,338.7,343.2,196.9,34.0,9.3,1669.6,34.5,174.6,1220.3,240.2,34.5,174.6,1220.3,240.20000000000002,343.2,9.3,134.89018653794807,73.08936272160996,High
WEST BENGAL,WEST MIDNAPOR,12.2,24.1,39.0,56.8,107.6,243.8,329.5,316.0,276.8,106.5,17.9,5.3,1535.5,36.3,203.4,1166.1,129.7,36.3,203.39999999999998,1166.1,129.70000000000002,329.5,5.3,126.75972588350216,75.94268967762943,High
WEST BENGAL,KOLKATA,14.4,24.7,33.5,53.1,113.4,278.3,361.0,335.2,306.6,155.3,24.8,8.9,1709.2,39.1,200.0,1281.1,189.0,39.1,200.0,1281.1,189.00000000000003,361.0,8.9,139.19203434192067,74.95319447694827,High
ORISSA,BALASORE,11.9,36.0,38.4,59.2,120.9,259.1,287.2,334.4,296.4,190.1,38.8,6.6,1679.0,47.9,218.5,1177.1,235.5,47.9,218.5,1177.1,235.49999999999997,334.4,6.6,125.44231440157759,70.10720667063728,High
ORISSA,BOLANGIR,11.1,15.9,20.1,22.7,37.5,200.5,386.2,366.9,220.5,69.5,13.6,6.3,1370.8,27.0,80.3,1174.1,89.4,27.0,80.3,1174.1,89.39999999999999,386.2,6.3,142.62218578744287,85.65071491100088,High
ORISSA,KANDHAMAL/PHU,12.7,26.2,29.8,36.2,68.2,199.7,319.2,373.2,230.2,114.6,34.2,4.1,1448.3,38.9,134.2,1122.3,152.9,38.9,134.2,1122.3,152.9,373.2,4.1,128.36677889642016,77.4908513429538,High
ORISSA,CUTTACK,14.7,26.9,28.9,43.2,74.3,227.2,338.0,352.3,245.0,124.5,40.2,4.5,1519.7,41.6,146.4,1162.5,169.2,41.599999999999994,146.39999999999998,1162.5,169.2,352.3,4.5,129.27946091762416,76.49536092649865,High
ORISSA,DHENKANAL,7.3,20.8,31.3,38.4,71.2,226.1,315.8,369.1,233.4,125.5,25.5,4.6,1469.0,28.1,140.9,1144.4,155.6,28.1,140.9,1144.4,155.6,369.1,4.6,130.09172172204526,77.90333560245065,High
ORISSA,GANJAM,13.3,22.7,30.3,41.5,85.3,158.8,219.2,245.0,210.4,198.4,70.8,8.8,1304.5,36.0,157.1,833.4,278.0,36.0,157.1,833.4,278.0,245.0,8.8,90.85976665702867,63.88654656956688,Moderate
ORISSA,KALAHANDI,4.8,15.0,15.3,25.6,44.2,237.5,368.5,371.8,229.8,72.3,13.4,4.8,1403.0,19.8,85.1,1207.6,90.5,19.8,85.10000000000001,1207.6,90.5,371.8,4.8,143.88401789657044,86.0727013542409,High
ORISSA,KEONDJHARGARH,16.2,31.8,37.0,50.2,101.2,232.9,277.7,320.2,225.7,113.6,24.5,5.7,1436.7,48.0,188.4,1056.5,143.8,48.0,188.4,1056.5,143.79999999999998,320.2,5.7,113.52259787052411,73.53657687756665,High
ORISSA,KORAPUT,5.2,12.3,16.3,53.2,89.4,200.8,384.1,410.5,267.4,147.6,31.9,3.8,1622.5,17.5,158.9,1262.8,183.3,17.5,158.9,1262.8000000000002,183.3,410.5,3.8,148.50018952135648,77.83050847457629,High
ORISSA,MAYURBHANJ,11.2,25.4,47.9,61.4,110.2,279.7,323.9,373.8,278.5,119.1,23.6,6.0,1660.7,36.6,219.5,1255.9,148.7,36.599999999999994,219.5,1255.8999999999999,148.7,373.8,6.0,136.3023808124844,75.6247365568736,High
ORISSA,PURI,16.1,25.8,18.9,17.6,65.3,168.9,268.5,328.4,255.7,185.3,56.3,9.4,1416.2,41.9,101.8,1021.5,251.0,41.900000000000006,101.8,1021.5,251.00000000000003,328.4,9.4,116.83841081777962,72.12964270583251,High
ORISSA,SAMBALPUR,12.1,19.9,20.1,15.6,32.4,226.6,418.3,464.6,251.6,58.2,9.0,5.1,1533.5,32.0,68.1,1361.1,72.3,32.0,68.1,1361.1,72.3,464.6,5.1,169.28820212521566,88.75774372350831,High
ORISSA,SUNDARGARH,19.3,16.3,18.0,14.4,39.6,216.9,368.3,373.2,217.5,50.4,8.8,5.1,1347.8,35.6,72.0,1175.9,64.3,35.6,72.0,1175.9,64.3,373.2,5.1,142.4703786331699,87.24588217836475,High
ORISSA,BHADRAK,9.9,34.1,37.6,53.1,103.9,218.4,269.8,354.0,227.7,159.5,35.3,4.1,1507.4,44.0,194.6,1069.9,198.9,44.0,194.60000000000002,1069.9,198.9,354.0,4.1,117.27662584546405,70.97651585511477,High
ORISSA,JAJPUR,10.6,28.4,33.5,48.0,91.9,250.0,283.5,363.2,258.1,134.6,33.6,5.9,1541.3,39.0,173.4,1154.8,174.1,39.0,173.4,1154.8000000000002,174.1,363.2,5.9,126.31370370005085,74.92376565237139,High
ORISSA,KENDRAPARA,8.4,32.6,37.2,27.8,90.5,205.8,257.4,362.6,262.7,179.9,70.2,5.5,1540.6,41.0,155.5,1088.5,255.6,41.0,155.5,1088.5,255.60000000000002,362.6,5.5,120.64735865950463,70.65429053615475,High
ORISSA,ANGUL,6.9,19.1,25.1,29.7,55.4,205.8,320.2,355.4,228.0,98.1,14.7,3.6,1362.0,26.0,110.2,1109.4,116.4,26.0,110.19999999999999,1109.4,116.39999999999999,355.4,3.6,129.13494703392473,81.45374449339208,High
ORISSA,NAWAPARA,12.5,11.8,16.9,24.0,33.9,182.9,347.3,302.1,184.9,60.7,14.8,5.6,1197.4,24.3,74.8,1017.2,81.1,24.3,74.8,1017.2,81.1,347.3,5.6,122.94964108294194,84.9507265742442,Moderate
ORISSA,MALKANGIRI,1.8,5.5,10.4,35.3,61.6,206.9,437.3,449.2,230.7,116.3,16.9,0.8,1572.7,7.3,107.3,1324.1,134.0,7.3,107.3,1324.1000000000001,134.0,449.2,0.8,165.67241202463552,84.19278947033763,High
ORISSA,NAWARANGPUR,5.9,12.6,14.4,53.9,104.1,241.6,430.9,432.1,242.7,102.6,19.0,0.7,1660.5,18.5,172.4,1347.3,122.3,18.5,172.39999999999998,1347.3,122.3,432.1,0.7,160.94001776494812,81.13821138211382,High
ORISSA,NAYAGARH,13.6,22.5,26.2,42.0,47.7,213.4,312.2,327.4,242.2,152.2,47.9,2.8,1450.1,36.1,115.9,1095.2,202.9,36.1,115.9,1095.2,202.9,327.4,2.8,122.2930642375358,75.5258258051169,High
ORISSA,KHURDA,10.1,25.9,26.9,30.9,68.0,186.4,310.8,339.3,251.5,167.7,45.5,6.5,1469.5,36.0,125.8,1088.0,219.7,36.0,125.8,1088.0,219.7,339.3,6.5,123.2428678248643,74.03878870364069,High
ORISSA,BARGARH,8.7,14.9,18.1,14.8,19.5,188.4,362.1,357.4,217.9,51.2,6.8,5.1,1264.9,23.6,52.4,1125.8,63.1,23.6,52.400000000000006,1125.8,63.1,362.1,5.1,138.96154771167542,89.00308324768756,Moderate
ORISSA,JHARSUGUDA,16.6,21.2,18.6,18.4,36.6,224.6,402.3,415.8,239.1,63.8,10.1,7.2,1474.3,37.8,73.6,1281.8,81.1,37.8,73.6,1281.8,81.1,415.8,7.2,156.14452197379273,86.94295597910873,High
ORISSA,DEOGARH,12.1,19.9,20.1,15.6,32.4,226.6,418.3,464.6,251.6,58.2,9.0,5.1,1533.5,32.0,68.1,1361.1,72.3,32.0,68.1,1361.1,72.3,464.6,5.1,169.28820212521566,88.75774372350831,High
ORISSA,RAYAGADA,12.4,23.1,38.5,56.0,94.0,173.2,314.6,266.5,206.2,109.4,29.0,4.0,1326.9,35.5,188.5,960.5,142.4,35.5,188.5,960.5,142.4,314.6,4.0,105.63965444334382,72.38676614665762,Moderate
ORISSA,GAJAPATI,9.5,35.0,64.2,79.1,136.8,201.7,241.0,261.1,226.5,141.8,60.2,5.2,1462.1,44.5,280.1,930.3,207.2,44.5,280.1,930.3,207.2,261.1,5.2,92.5698307258151,63.6276588468641,High
ORISSA,JAGATSINGHAPU,10.7,29.0,35.3,41.3,107.1,237.2,287.3,360.6,235.7,145.1,67.5,8.2,1565.0,39.7,183.7,1120.8,220.8,39.7,183.7,1120.8,220.79999999999998,360.6,8.2,121.11042169204204,71.61661341853035,High
ORISSA,BOUDHGARH,12.7,26.2,29.8,36.2,68.2,199.7,319.2,373.2,230.2,114.6,34.2,4.1,1448.3,38.9,134.2,1122.3,152.9,38.9,134.2,1122.3,152.9,373.2,4.1,128.36677889642016,77.4908513429538,High
ORISSA,SONEPUR,6.0,14.3,18.5,14.3,30.4,178.2,380.4,432.5,252.3,56.9,6.7,4.9,1395.4,20.3,63.2,1243.4,68.5,20.3,63.199999999999996,1243.3999999999999,68.5,432.5,4.9,156.64873172648143,89.10706607424392,High
JHARKHAND,BOKARO,11.8,13.7,18.3,19.0,38.2,188.6,308.1,300.8,250.7,77.9,14.0,6.4,1247.5,25.5,75.5,1048.2,98.3,25.5,75.5,1048.2,98.30000000000001,308.1,6.4,121.70236016485862,84.02404809619239,Moderate
JHARKHAND,DHANBAD,12.0,17.4,19.5,18.2,49.6,200.9,340.3,310.0,271.1,99.5,10.5,6.2,1355.2,29.4,87.3,1122.3,116.2,29.4,87.30000000000001,1122.3000000000002,116.2,340.3,6.2,130.1677961383504,82.81434474616293,High
JHARKHAND,DUMKA,15.4,14.5,17.2,26.1,69.0,203.0,327.2,304.3,262.4,124.5,12.4,5.5,1381.5,29.9,112.3,1096.9,142.4,29.9,112.3,1096.9,142.4,327.2,5.5,125.24362531409805,79.39920376402462,High
JHARKHAND,HAZARIBAG,14.1,15.3,14.8,11.7,35.5,176.9,317.5,289.6,221.9,81.8,7.9,9.0,1196.0,29.4,62.0,1005.9,98.7,29.4,62.0,1005.9,98.7,317.5,7.9,118.6630166275555,84.10535117056857,Moderate
JHARKHAND,PALAMU,17.3,12.8,10.8,7.1,15.1,140.3,306.7,298.9,228.6,46.6,5.7,6.0,1095.9,30.1,33.0,974.5,58.3,30.1,33.0,974.5,58.300000000000004,306.7,5.7,119.98610620325246,88.92234692946435,Moderate
JHARKHAND,RANCHI,21.9,26.8,21.7,23.6,48.3,217.4,357.1,344.1,241.6,78.7,11.9,10.1,1403.2,48.7,93.6,1160.2,100.7,48.7,93.6,1160.2,100.7,357.1,10.1,134.32443312120597,82.68244013683011,High
JHARKHAND,SAHIBGANJ,13.1,6.1,12.6,22.0,85.2,258.3,399.7,307.6,333.7,99.8,9.9,5.7,1553.7,19.2,119.8,1299.3,115.4,19.2,119.80000000000001,1299.3,115.4,399.7,5.7,150.6013046243141,83.62618266074531,High
JHARKHAND,WEST SINGHBHUM,12.9,21.8,23.1,23.9,56.7,208.0,315.1,342.6,222.7,63.5,9.8,5.5,1305.6,34.7,103.7,1088.4,78.8,34.7,103.7,1088.4,78.8,342.6,5.5,126.70390680638067,83.3639705882353,Moderate
JHARKHAND,DEOGHAR,13.4,12.1,9.6,13.5,48.0,172.3,293.4,266.9,243.6,76.5,9.5,3.3,1162.1,25.5,71.1,976.2,89.3,25.5,71.1,976.1999999999999,89.3,293.4,3.3,113.88410742611289,84.00309784011702,Moderate
JHARKHAND,GIRIDIH,11.5,9.9,13.7,18.0,40.6,206.5,342.9,275.8,239.8,80.3,8.0,5.7,1252.7,21.4,72.3,1065.0,94.0,21.4,72.3,1065.0,94.0,342.9,5.7,125.02937442735994,85.01636465235092,Moderate
JHARKHAND,GODDA,11.5,9.9,10.9,20.7,54.4,170.7,294.5,253.0,225.0,78.7,8.0,7.1,1144.4,21.4,86.0,943.2,93.8,21.4,86.0,943.2,93.8,294.5,7.1,109.2994829342617,82.418734708144,Moderate
JHARKHAND,GUMLA,22.2,20.4,19.1,25.5,47.1,229.0,372.7,343.2,252.1,68.3,13.0,8.7,1421.3,42.6,91.7,1197.0,90.0,42.599999999999994,91.7,1197.0,90.0,372.7,8.7,139.28318085719098,84.21867304580314,High
JHARKHAND,LOHARDAGA,14.1,20.9,20.7,18.3,38.9,186.5,298.2,289.8,230.5,57.7,13.1,8.4,1197.1,35.0,77.9,1005.0,79.2,35.0,77.9,1005.0,79.2,298.2,8.4,115.94777396689766,83.95288614150866,Moderate
JHARKHAND,CHATRA,19.4,18.5,11.2,5.8,17.8,157.7,336.5,303.0,234.1,55.7,5.2,7.0,1171.9,37.9,34.8,1031.3,67.9,37.9,34.8,1031.3,67.9,336.5,5.2,126.00166274756663,88.00238928236197,Moderate
JHARKHAND,KODERMA,21.0,12.1,13.0,10.0,28.5,172.7,270.9,268.0,218.0,86.5,8.2,7.3,1116.2,33.1,51.5,929.6,102.0,33.1,51.5,929.5999999999999,102.0,270.9,7.3,107.8746480734454,83.28256584841425,Moderate
JHARKHAND,PAKUR,14.6,12.8,15.2,34.2,86.1,228.5,377.5,339.2,341.0,143.7,13.4,6.2,1612.4,27.4,135.5,1286.2,163.3,27.4,135.5,1286.2,163.29999999999998,377.5,6.2,147.54410948060328,79.76928801786157,High
JHARKHAND,EAST SINGHBHU,14.7,18.4,20.7,31.9,63.3,225.5,293.7,312.7,225.7,68.4,12.5,5.2,1292.7,33.1,115.9,1057.6,86.1,33.099999999999994,115.89999999999999,1057.6000000000001,86.10000000000001,312.7,5.2,119.63774962930236,81.81325907016324,Moderate
JHARKHAND,GARHWA,16.0,9.6,10.6,6.8,10.5,120.9,288.1,292.8,226.0,52.6,2.6,5.3,1041.8,25.6,27.9,927.8,60.5,25.6,27.9,927.8,60.5,292.8,2.6,115.7580849980866,89.05740065271645,Moderate
JHARKHAND,SERAIKELA-KHA,18.0,21.1,21.8,24.3,51.4,240.7,322.5,321.9,250.4,71.8,10.3,5.4,1359.6,39.1,97.5,1135.5,87.5,39.1,97.5,1135.5,87.5,322.5,5.4,129.32946651514072,83.51721094439542,High
JHARKHAND,JAMTARA,14.4,20.7,18.5,16.3,66.4,209.4,346.2,342.3,295.9,127.6,12.7,5.6,1476.0,35.1,101.2,1193.8,145.9,35.1,101.2,1193.8000000000002,145.89999999999998,346.2,5.6,137.84314537644855,80.8807588075881,High
JHARKHAND,LATEHAR,16.6,18.6,20.4,9.0,22.7,168.6,340.7,288.5,224.0,66.6,7.8,8.0,1191.5,35.2,52.1,1021.8,82.4,35.2,52.099999999999994,1021.8,82.39999999999999,340.7,7.8,122.77068393282386,85.75744859420897,Moderate
JHARKHAND,SIMDEGA,19.1,18.9,15.5,23.9,35.0,237.8,459.4,404.7,281.2,58.8,12.6,6.2,1573.1,38.0,74.4,1383.1,77.6,38.0,74.4,1383.1000000000001,77.6,459.4,6.2,168.0491132666191,87.9219375754879,High
JHARKHAND,KHUNTI(RANCHI,22.6,24.4,24.2,17.4,45.4,243.3,379.8,360.5,267.5,71.4,16.9,9.4,1482.8,47.0,87.0,1251.1,97.7,47.0,87.0,1251.1,97.70000000000002,379.8,9.4,144.99604592309865,84.37415700026976,High
JHARKHAND,RAMGARH,12.5,15.0,13.3,20.7,47.3,207.1,323.8,287.4,235.5,68.8,9.2,7.7,1248.3,27.5,81.3,1053.8,85.7,27.5,81.3,1053.8,85.7,323.8,7.7,122.1186987766783,84.4188095810302,Moderate
BIHAR,BHAGALPUR,17.7,10.5,10.2,23.2,65.5,197.8,291.0,261.0,227.5,88.5,8.6,6.4,1207.9,28.2,98.9,977.3,103.5,28.2,98.9,977.3,103.5,291.0,6.4,110.94680509418042,80.90901564699064,Moderate
BIHAR,EAST CHAMPARAN,12.7,9.7,7.8,13.2,49.1,163.5,354.5,297.4,206.2,73.2,4.4,6.0,1197.7,22.4,70.1,1021.6,83.6,22.4,70.1,1021.5999999999999,83.60000000000001,354.5,4.4,125.09710016501968,85.29681890289721,Moderate
BIHAR,DARBHANGA,16.0,9.5,12.3,21.3,59.9,156.7,296.5,285.1,186.3,66.7,8.6,4.7,1123.6,25.5,93.5,924.6,80.0,25.5,93.5,924.5999999999999,80.0,296.5,4.7,109.68326576045587,82.28907084371663,Moderate
BIHAR,GAYA,14.6,10.9,8.7,6.1,18.0,128.2,298.1,271.9,180.5,53.7,7.5,5.7,1003.9,25.5,32.8,878.7,66.9,25.5,32.8,878.7,66.9,298.1,5.7,109.36403312983772,87.52863831058872,Moderate
BIHAR,MUNGER,12.9,7.0,10.0,14.3,44.9,165.5,305.7,271.1,231.7,71.4,6.5,5.8,1146.8,19.9,69.2,974.0,83.7,19.9,69.2,974.0,83.7,305.7,5.8,115.26126317145231,84.93198465294734,Moderate
BIHAR,MUZAFFARPUR,13.4,8.9,7.3,13.3,54.0,161.0,326.1,291.7,202.3,63.9,7.8,4.8,1154.5,22.3,74.6,981.1,76.5,22.3,74.6,981.0999999999999,76.5,326.1,4.8,118.61929521359373,84.98051104374187,Moderate
BIHAR,WEST CHAMPARAN,18.6,10.8,12.8,18.3,56.3,229.3,447.0,349.3,249.4,65.9,5.1,9.2,1472.0,29.4,87.4,1275.0,80.2,29.400000000000002,87.4,1275.0,80.2,447.0,5.1,155.1004034537472,86.61684782608695,High
BIHAR,PURNEA,9.1,9.0,12.9,33.7,121.6,244.8,434.2,338.6,295.7,83.4,8.2,7.0,1598.2,18.1,168.2,1313.3,98.6,18.1,168.2,1313.3,98.60000000000001,434.2,7.0,154.0412567719401,82.17369540733324,High
BIHAR,GOPALGANJ,14.9,10.5,7.0,12.5,31.6,155.4,309.8,304.3,220.4,55.9,6.0,7.2,1135.5,25.4,51.1,989.9,69.1,25.4,51.1,989.9,69.1,309.8,6.0,120.07644629379008,87.17745486569792,Moderate
BIHAR,MADHUBANI,11.1,9.5,9.3,30.8,79.3,185.2,375.5,307.1,191.7,76.0,5.7,12.1,1293.3,20.6,119.4,1059.5,93.8,20.6,119.4,1059.5,93.8,375.5,5.7,128.08561146216374,81.92221449006418,Moderate
BIHAR,AURANGABAD,18.1,11.2,7.8,5.7,14.4,122.1,290.0,253.9,193.6,44.3,7.8,6.0,974.9,29.3,27.9,859.6,58.1,29.3,27.9,859.6,58.099999999999994,290.0,5.7,106.4147756173783,88.1731459636886,Moderate
BIHAR,BEGUSARAI,8.1,8.4,13.2,17.3,48.9,154.3,296.8,255.3,215.2,63.0,4.8,5.4,1090.7,16.5,79.4,921.6,73.2,16.5,79.4,921.6000000000001,73.2,296.8,4.8,109.24302730678748,84.49619510406163,Moderate
BIHAR,BHOJPUR,12.5,13.4,6.9,10.3,24.9,108.7,334.6,277.6,203.5,45.1,8.6,5.4,1051.5,25.9,42.1,924.4,59.1,25.9,42.1,924.4000000000001,59.1,334.6,5.4,118.07386844298323,87.91250594388968,Moderate
BIHAR,NALANDA,11.8,9.0,9.1,6.1,27.9,127.6,283.6,263.3,202.3,50.7,5.1,5.7,1002.2,20.8,43.1,876.8,61.5,20.8,43.099999999999994,876.8,61.50000000000001,283.6,5.1,107.45407334665299,87.4875274396328,Moderate
BIHAR,PATNA,13.0,9.4,9.6,8.1,26.4,125.4,333.7,264.5,217.7,55.5,7.3,4.2,1074.8,22.4,44.1,941.3,67.0,22.4,44.099999999999994,941.3,67.0,333.7,4.2,117.71746092258618,87.57908448083364,Moderate
BIHAR,KATIHAR,12.3,7.4,9.2,24.6,96.0,212.2,358.9,269.8,269.0,74.2,5.0,4.1,1342.7,19.7,129.8,1109.9,83.3,19.700000000000003,129.8,1109.8999999999999,83.3,358.9,4.1,129.47918371364378,82.66180084903552,Moderate
BIHAR,KHAGARIA,9.5,4.2,7.7,15.4,46.3,184.0,311.0,297.7,265.0,82.2,7.0,3.9,1233.9,13.7,69.4,1057.7,93.1,13.7,69.4,1057.7,93.10000000000001,311.0,3.9,125.01658162747124,85.72007456033714,Moderate
BIHAR,SARAN,16.3,9.4,8.5,9.3,35.6,133.2,334.1,291.8,214.4,59.2,6.5,5.5,1123.8,25.7,53.4,973.5,71.2,25.700000000000003,53.400000000000006,973.5,71.2,334.1,5.5,120.827852749273,86.62573411639082,Moderate
BIHAR,MADHEPURA,12.0,9.4,12.3,29.6,84.5,212.8,377.3,304.3,259.1,70.6,13.0,7.8,1392.7,21.4,126.4,1153.5,91.4,21.4,126.4,1153.5,91.39999999999999,377.3,7.8,134.62076334742136,82.82472894377827,High
BIHAR,NAWADA,13.0,9.5,9.6,5.6,34.1,135.2,301.8,276.0,183.6,62.4,6.2,4.8,1041.8,22.5,49.3,896.6,73.4,22.5,49.3,896.6,73.39999999999999,301.8,4.8,110.49576572169741,86.06258398924939,Moderate
BIHAR,ROHTAS,13.0,12.8,9.1,5.9,13.9,90.0,275.2,278.4,190.9,43.0,12.1,4.8,949.1,25.8,28.9,834.5,59.9,25.8,28.9,834.4999999999999,59.9,278.4,4.8,106.76253563470435,87.92540301338109,Moderate
BIHAR,SAMASTIPUR,15.0,8.2,10.9,15.2,42.7,176.6,315.1,289.1,244.4,64.4,6.9,3.8,1192.3,23.2,68.8,1025.2,75.1,23.2,68.80000000000001,1025.2,75.10000000000001,315.1,3.8,121.35432313034522,85.98507087142498,Moderate
BIHAR,SITAMARHI,9.7,8.5,9.9,25.6,71.5,200.6,396.6,307.5,179.7,71.7,3.9,7.9,1293.1,18.2,107.0,1084.4,83.5,18.2,107.0,1084.4,83.50000000000001,396.6,3.9,133.5829429662154,83.8604902946408,Moderate
BIHAR,SIWAN,15.1,12.6,9.7,9.6,27.5,137.4,339.1,287.7,240.0,43.3,8.2,5.2,1135.4,27.7,46.8,1004.2,56.7,27.7,46.8,1004.2,56.7,339.1,5.2,124.35635622409228,88.44460102166637,Moderate
BIHAR,VAISHALI,15.3,8.4,7.2,14.6,26.8,137.6,375.0,285.3,223.7,73.3,5.4,3.9,1176.5,23.7,48.6,1021.6,82.6,23.700000000000003,48.6,1021.6000000000001,82.60000000000001,375.0,3.9,128.75475954721287,86.83382915427116,Moderate
BIHAR,JAHANABAD,12.8,7.6,7.0,13.1,23.1,112.5,255.6,255.8,196.5,39.1,7.7,5.8,936.6,20.4,43.2,820.4,52.6,20.4,43.2,820.4000000000001,52.6,255.8,5.8,100.69279562565085,87.593423019432,Moderate
BIHAR,BUXAR,14.1,6.7,6.8,3.7,17.6,110.9,287.1,263.0,200.2,53.7,6.8,4.8,975.4,20.8,28.1,861.2,65.3,20.8,28.1,861.2,65.3,287.1,3.7,107.98015670679611,88.2919827762969,Moderate
BIHAR,ARARIA,13.8,8.0,15.4,36.8,114.5,271.7,444.6,352.4,278.3,84.0,7.4,5.3,1632.2,21.8,166.7,1347.0,96.7,21.8,166.7,1346.9999999999998,96.7,444.6,5.3,157.59996442854543,82.52665114569291,High
BIHAR,BANKA,10.1,9.3,11.7,15.7,45.9,138.2,271.1,241.7,214.9,84.6,5.7,5.6,1054.5,19.4,73.3,865.9,95.9,19.4,73.3,865.9,95.89999999999999,271.1,5.6,101.9941453310835,82.11474632527263,Moderate
BIHAR,BHABUA,26.4,16.4,10.0,5.5,18.6,131.0,311.7,299.4,253.0,42.4,5.5,6.4,1126.3,42.8,34.1,995.1,54.3,42.8,34.1,995.0999999999999,54.3,311.7,5.5,122.68426185155373,88.35123856876498,Moderate
BIHAR,JAMUI,10.1,8.2,9.0,9.4,35.1,163.4,311.9,253.3,223.2,70.9,9.0,3.8,1107.3,18.3,53.5,951.8,83.7,18.299999999999997,53.5,951.8,83.7,311.9,3.8,113.80887587210731,85.95683193353202,Moderate
BIHAR,KISHANGANJ,10.2,8.2,17.5,51.7,155.7,368.1,579.1,463.5,344.8,80.4,6.8,4.6,2090.6,18.4,224.9,1755.5,91.8,18.4,224.89999999999998,1755.5,91.8,579.1,4.6,207.64498038427962,83.97110877260117,High
BIHAR,SHEIKHPURA,13.7,8.2,8.2,9.7,33.5,144.2,291.6,240.3,189.6,58.1,6.3,5.0,1008.4,21.9,51.4,865.7,69.4,21.9,51.4,865.7,69.4,291.6,5.0,104.3403724994948,85.84886949623166,Moderate
BIHAR,SUPAUL,7.6,8.7,12.7,23.0,83.3,200.3,375.1,270.2,210.0,74.7,4.5,3.7,1273.8,16.3,119.0,1055.6,82.9,16.299999999999997,119.0,1055.6000000000001,82.9,375.1,3.7,126.52377785869487,82.87015230020413,Moderate
BIHAR,LAKHISARAI,12.9,7.0,10.0,14.3,44.9,165.5,305.7,271.1,231.7,71.4,6.5,5.8,1146.8,19.9,69.2,974.0,83.7,19.9,69.2,974.0,83.7,305.7,5.8,115.26126317145231,84.93198465294734,Moderate
BIHAR,SHEOHAR,9.7,8.5,9.9,25.6,71.5,200.6,396.6,307.5,179.7,71.7,3.9,7.9,1293.1,18.2,107.0,1084.4,83.5,18.2,107.0,1084.4,83.50000000000001,396.6,3.9,133.5829429662154,83.8604902946408,Moderate
BIHAR,ARWAL,15.9,6.8,5.2,3.2,11.2,112.8,245.4,249.6,181.9,33.3,5.2,3.9,874.4,22.7,19.6,789.7,42.4,22.7,19.6,789.6999999999999,42.4,249.6,3.2,98.27191713287014,90.31335773101556,Low
BIHAR,SAHARSA,6.1,10.9,12.8,39.6,107.1,249.4,515.1,352.8,290.8,94.6,3.7,10.0,1692.9,17.0,159.5,1408.1,108.3,17.0,159.5,1408.1,108.3,515.1,3.7,170.60221209798914,83.17679721188492,High
UTTAR PRADESH,ALLAHABAD,17.5,10.0,7.6,3.6,6.6,82.1,265.5,278.8,182.3,34.6,9.4,4.6,902.6,27.5,17.8,808.7,48.6,27.5,17.799999999999997,808.7,48.6,278.8,3.6,105.36949561453072,89.59672058497674,Low
UTTAR PRADESH,AZAMGARH,12.6,10.2,8.8,6.1,15.5,95.4,334.3,291.4,231.6,41.5,6.9,4.0,1058.3,22.8,30.4,952.7,52.4,22.799999999999997,30.4,952.7,52.4,334.3,4.0,123.75947683333428,90.02173296796751,Moderate
UTTAR PRADESH,BAHRAICH,20.8,16.0,12.5,9.0,32.9,154.4,336.8,297.2,205.4,51.2,2.5,9.9,1148.6,36.8,54.4,993.8,63.6,36.8,54.4,993.8000000000001,63.6,336.8,2.5,121.57468212310215,86.52272331534043,Moderate
UTTAR PRADESH,BALLIA,10.7,8.5,6.7,5.3,20.2,110.9,292.6,260.1,163.6,41.6,5.4,2.6,928.2,19.2,32.2,827.2,49.6,19.2,32.2,827.2,49.6,292.6,2.6,105.73057956213735,89.11872441284207,Moderate
UTTAR PRADESH,BANDA,17.6,11.6,6.3,4.5,12.1,92.1,261.0,316.4,170.9,36.4,5.5,8.8,943.2,29.2,22.9,840.4,50.7,29.200000000000003,22.9,840.4,50.7,316.4,4.5,110.3164786174099,89.10093299406276,Moderate
UTTAR PRADESH,BARABANKI,16.9,14.4,8.1,5.8,17.8,112.1,309.7,284.4,224.3,50.3,2.9,8.7,1055.4,31.3,31.7,930.5,61.9,31.299999999999997,31.7,930.5,61.89999999999999,309.7,2.9,116.9207851496046,88.16562440780746,Moderate
UTTAR PRADESH,BASTI,15.4,10.4,10.9,5.5,20.7,129.4,324.5,289.3,200.4,46.5,2.2,7.5,1062.7,25.8,37.1,943.6,56.2,25.8,37.099999999999994,943.6,56.2,324.5,2.2,118.68006233976158,88.79269784511152,Moderate
UTTAR PRADESH,DEORIA,13.7,17.8,9.2,8.7,24.0,133.3,316.6,299.9,201.1,53.1,4.0,5.6,1087.0,31.5,41.9,950.9,62.7,31.5,41.9,950.9,62.7,316.6,4.0,118.33289585919987,87.47930082796688,Moderate
UTTAR PRADESH,FAIZABAD,18.7,12.4,7.2,4.5,18.8,123.0,346.6,309.6,210.5,51.0,2.9,8.8,1114.0,31.1,30.5,989.7,62.7,31.1,30.5,989.7,62.7,346.6,2.9,126.3553670719166,88.84201077199282,Moderate
UTTAR PRADESH,FARRUKHABAD,15.1,11.1,8.0,5.0,12.8,73.5,246.0,282.3,141.6,52.1,2.4,3.4,853.3,26.2,25.8,743.4,57.9,26.2,25.8,743.4,57.9,282.3,2.4,99.23395183589987,87.1205906480722,Low
UTTAR PRADESH,FATEHPUR,18.3,11.7,7.2,4.7,8.6,82.2,261.5,286.0,182.8,39.4,4.9,7.9,915.2,30.0,20.5,812.5,52.2,30.0,20.5,812.5,52.199999999999996,286.0,4.7,105.66246717589445,88.77840909090908,Moderate
UTTAR PRADESH,GHAZIPUR,15.7,9.4,8.0,4.7,13.9,98.8,266.7,305.7,211.8,49.2,9.6,2.3,995.8,25.1,26.6,883.0,61.1,25.1,26.6,883.0,61.1,305.7,2.3,112.69407367925005,88.67242418156258,Moderate
UTTAR PRADESH,GONDA,16.9,9.4,8.3,6.3,22.3,145.0,335.4,316.6,230.2,59.1,1.6,9.0,1160.1,26.3,36.9,1027.2,69.7,26.299999999999997,36.900000000000006,1027.2,69.7,335.4,1.6,127.61778961913078,88.54409102663564,Moderate
UTTAR PRADESH,GORAKHPUR,18.9,10.9,10.9,11.5,27.2,166.9,372.4,384.2,252.0,69.1,6.4,7.9,1338.3,29.8,49.6,1175.5,83.4,29.799999999999997,49.599999999999994,1175.5,83.4,384.2,6.4,146.08285398113196,87.8353134573713,Moderate
UTTAR PRADESH,HARDOI,18.2,13.1,9.5,5.8,16.9,87.3,264.5,268.5,167.6,57.6,2.7,6.5,918.2,31.3,32.2,787.9,66.8,31.299999999999997,32.2,787.9,66.80000000000001,268.5,2.7,100.8083675579412,85.80919189719015,Moderate
UTTAR PRADESH,JAUNPUR,15.2,10.4,6.9,4.6,11.8,91.2,304.7,255.8,222.4,32.1,7.4,5.6,968.1,25.6,23.3,874.1,45.1,25.6,23.3,874.1,45.1,304.7,4.6,112.66087588220435,90.2902592707365,Moderate
UTTAR PRADESH,KANPUR NAGAR,16.8,11.9,6.0,2.6,7.7,62.2,226.4,263.9,144.3,54.9,2.5,7.2,806.4,28.7,16.3,696.8,64.6,28.700000000000003,16.3,696.8,64.6,263.9,2.5,92.93175404075244,86.40873015873015,Low
UTTAR PRADESH,KHERI LAKHIMP,21.4,16.2,11.8,6.5,29.1,131.4,297.2,303.3,194.2,63.8,2.0,8.4,1085.3,37.6,47.4,926.1,74.2,37.599999999999994,47.400000000000006,926.1000000000001,74.2,303.3,2.0,114.03176956312205,85.33124481710128,Moderate
UTTAR PRADESH,LUCKNOW,18.1,12.3,7.3,4.1,12.2,85.9,254.6,262.2,169.8,47.9,4.1,6.8,885.3,30.4,23.6,772.5,58.8,30.400000000000002,23.599999999999998,772.5,58.8,262.2,4.1,98.86774568262207,87.25855642155203,Low
UTTAR PRADESH,MIRZAPUR,18.0,12.6,10.0,3.8,10.3,91.0,288.3,290.4,231.4,32.9,9.6,4.9,1003.2,30.6,24.1,901.1,47.4,30.6,24.1,901.1,47.4,290.4,3.8,115.72316496316071,89.8225677830941,Moderate
UTTAR PRADESH,PRATAPGARH,15.2,9.9,8.1,2.0,9.0,81.9,288.7,284.1,197.1,34.3,6.8,6.5,943.6,25.1,19.1,851.8,47.6,25.1,19.1,851.8000000000001,47.599999999999994,288.7,2.0,111.66620171771137,90.27130139889785,Moderate
UTTAR PRADESH,RAE BARELI,14.0,9.3,5.8,3.0,7.6,68.7,257.7,255.9,168.0,53.5,1.5,8.0,853.0,23.3,16.4,750.3,63.0,23.3,16.4,750.3,63.0,257.7,1.5,98.86404653345774,87.9601406799531,Low
UTTAR PRADESH,SITAPUR,18.5,12.1,11.8,5.4,18.4,113.6,272.6,278.0,200.6,60.1,3.7,8.5,1003.3,30.6,35.6,864.8,72.3,30.6,35.6,864.8000000000001,72.30000000000001,278.0,3.7,106.83437017886683,86.19555466959035,Moderate
UTTAR PRADESH,SULTANPUR,13.2,8.7,6.3,4.7,16.9,82.5,303.2,273.2,181.8,45.4,2.4,6.2,944.5,21.9,27.9,840.7,54.0,21.9,27.9,840.7,54.0,303.2,2.4,110.69558140424685,89.01005823186871,Moderate
UTTAR PRADESH,UNNAO,14.9,15.1,7.4,3.4,10.5,82.9,249.3,286.4,171.7,56.1,2.2,7.3,907.2,30.0,21.3,790.3,65.6,30.0,21.3,790.3,65.60000000000001,286.4,2.2,102.59202520841293,87.11419753086419,Low
UTTAR PRADESH,VARANASI,18.4,14.5,9.5,4.7,11.8,93.9,311.6,281.4,236.6,37.5,12.2,5.5,1037.6,32.9,26.0,923.5,55.2,32.9,26.0,923.5,55.2,311.6,4.7,118.22367347404229,89.0034695451041,Moderate
UTTAR PRADESH,SONBHADRA,18.1,13.9,10.3,6.3,11.9,126.7,286.4,292.8,211.0,34.8,5.9,7.0,1025.1,32.0,28.5,916.9,47.7,32.0,28.5,916.9,47.699999999999996,292.8,5.9,113.96354381196566,89.44493220173642,Moderate
UTTAR PRADESH,MAHARAJGANJ,17.6,9.8,12.9,15.7,36.2,187.5,421.3,371.9,233.4,72.3,4.9,5.6,1389.1,27.4,64.8,1214.1,82.8,27.400000000000002,64.80000000000001,1214.1,82.8,421.3,4.9,151.37161051431335,87.40191490893385,High
UTTAR PRADESH,MAU,15.8,9.0,9.0,5.7,19.2,117.7,336.9,323.5,226.6,46.6,7.1,4.2,1121.3,24.8,33.9,1004.7,57.9,24.8,33.9,1004.6999999999999,57.900000000000006,336.9,4.2,128.4986555170791,89.60135556942834,Moderate
UTTAR PRADESH,SIDDHARTH NGR,15.5,10.4,9.3,6.0,21.8,139.7,357.8,314.7,197.7,63.4,1.6,7.8,1145.7,25.9,37.1,1009.9,72.8,25.9,37.1,1009.9000000000001,72.8,357.8,1.6,128.38213643083472,88.1469843763638,Moderate
UTTAR PRADESH,KUSHINAGAR,15.3,10.1,10.9,12.7,36.1,182.6,369.4,365.6,240.8,71.4,4.2,7.5,1326.6,25.4,59.7,1158.4,83.1,25.4,59.7,1158.4,83.10000000000001,369.4,4.2,142.02520582949032,87.32097090306047,Moderate
UTTAR PRADESH,AMBEDKAR NAGAR,14.8,11.0,8.5,6.2,17.9,102.2,317.8,282.4,202.4,40.2,3.6,6.3,1013.3,25.8,32.6,904.8,50.1,25.8,32.599999999999994,904.8,50.1,317.8,3.6,116.39755119521384,89.29241093457023,Moderate
UTTAR PRADESH,KANNAUJ,15.5,11.5,9.0,3.7,16.2,58.9,244.5,311.4,161.9,61.4,2.9,5.4,902.3,27.0,28.9,776.7,69.7,27.0,28.9,776.6999999999999,69.7,311.4,2.9,105.79686761416755,86.08001773246149,Low
UTTAR PRADESH,BALRAMPUR,18.8,16.9,8.2,9.3,38.6,141.4,385.4,329.9,215.0,72.6,1.2,10.6,1247.9,35.7,56.1,1071.7,84.4,35.7,56.1,1071.6999999999998,84.39999999999999,385.4,1.2,135.33870949539448,85.88027886849906,Moderate
UTTAR PRADESH,KAUSHAMBI,15.5,11.7,8.1,3.4,7.4,72.6,258.8,268.0,166.2,36.1,6.6,7.3,861.7,27.2,18.9,765.6,50.0,27.2,18.9,765.5999999999999,50.0,268.0,3.4,100.7817304721927,88.84762678426364,Low
UTTAR PRADESH,SAHUJI MAHARA,17.3,12.0,8.6,3.5,8.1,88.0,275.3,315.5,207.1,36.7,7.8,6.4,986.3,29.3,20.2,885.9,50.9,29.3,20.2,885.9,50.9,315.5,3.5,115.57874496584044,89.82054141741864,Moderate
UTTAR PRADESH,KANPUR DEHAT,13.5,11.4,5.5,2.7,6.3,70.7,237.0,289.6,167.7,44.4,2.9,5.5,857.2,24.9,14.5,765.0,52.8,24.9,14.5,765.0,52.8,289.6,2.7,101.94728881618039,89.24405039664022,Low
UTTAR PRADESH,CHANDAULI,18.5,12.1,11.6,5.3,10.3,79.0,302.3,283.8,181.0,31.8,10.2,3.7,949.6,30.6,27.2,846.1,45.7,30.6,27.2,846.1,45.7,302.3,3.7,111.87293387291376,89.10067396798652,Moderate
UTTAR PRADESH,SANT KABIR NGR,11.8,13.1,10.5,5.1,20.8,139.8,356.7,300.5,193.7,50.9,1.2,6.5,1110.6,24.9,36.4,990.7,58.6,24.9,36.4,990.7,58.6,356.7,1.2,126.24906480301692,89.20403385557357,Moderate
UTTAR PRADESH,SANT RAVIDAS,18.5,12.1,11.6,5.3,10.3,79.0,302.3,283.8,181.0,31.8,10.2,3.7,949.6,30.6,27.2,846.1,45.7,30.6,27.2,846.1,45.7,302.3,3.7,111.87293387291376,89.10067396798652,Moderate
UTTAR PRADESH,SHRAVASTI NGR,20.8,16.0,12.5,9.0,32.9,154.4,336.8,297.2,205.4,51.2,2.5,9.9,1148.6,36.8,54.4,993.8,63.6,36.8,54.4,993.8000000000001,63.6,336.8,2.5,121.57468212310215,86.52272331534043,Moderate
UTTAR PRADESH,AGRA,17.5,9.9,8.9,4.0,9.3,53.8,227.1,280.9,125.4,28.1,5.0,4.7,774.6,27.4,22.2,687.2,37.8,27.4,22.200000000000003,687.1999999999999,37.800000000000004,280.9,4.0,95.59433703273051,88.71675703588949,Low
UTTAR PRADESH,ALIGARH,19.5,12.6,9.4,5.6,18.4,47.4,213.1,261.9,133.3,39.0,4.2,6.6,771.0,32.1,33.4,655.7,49.8,32.1,33.4,655.7,49.800000000000004,261.9,4.2,88.96455371765667,85.04539559014268,Low
UTTAR PRADESH,BAREILLY,20.3,18.9,12.6,5.6,18.7,96.6,294.7,296.7,165.8,57.9,2.4,6.4,996.6,39.2,36.9,853.8,66.7,39.2,36.9,853.8,66.7,296.7,2.4,110.22324041359303,85.67128236002407,Moderate
UTTAR PRADESH,BIJNOR,34.2,25.0,24.1,8.2,19.1,92.0,342.4,321.0,158.8,40.0,6.4,11.9,1083.1,59.2,51.4,914.2,58.3,59.2,51.4,914.2,58.3,342.4,6.4,120.9024660123969,84.40587203397656,Moderate
UTTAR PRADESH,BADAUN,13.4,16.1,11.7,3.7,14.5,69.4,252.4,292.7,143.5,58.8,2.7,5.9,884.8,29.5,29.9,758.0,67.4,29.5,29.9,758.0,67.4,292.7,2.7,101.73385360683517,85.66907775768536,Low
UTTAR PRADESH,BULANDSHAHAR,16.2,13.2,13.1,3.9,14.0,53.4,224.5,254.4,138.4,36.2,4.2,7.5,779.0,29.4,31.0,670.7,47.9,29.4,31.0,670.6999999999999,47.900000000000006,254.4,3.9,89.82785388359966,86.09756097560974,Low
UTTAR PRADESH,ETAH,13.0,12.0,9.9,4.4,11.6,52.1,201.5,243.1,118.6,41.6,2.3,4.3,714.4,25.0,25.9,615.3,48.2,25.0,25.9,615.3,48.199999999999996,243.1,2.3,83.26785184880868,86.12821948488242,Low
UTTAR PRADESH,ETAWAH,13.9,11.7,8.9,2.8,10.5,60.9,222.0,293.4,151.7,45.0,2.9,5.9,829.6,25.6,22.2,728.0,53.8,25.6,22.2,728.0,53.8,293.4,2.8,98.77976728177904,87.75313404050145,Low
UTTAR PRADESH,HAMIRPUR,16.1,11.5,5.3,2.1,6.7,76.3,246.6,309.8,164.2,33.3,3.9,6.0,881.8,27.6,14.1,796.9,43.2,27.6,14.100000000000001,796.9000000000001,43.199999999999996,309.8,2.1,107.19662336382643,90.3719664322976,Low
UTTAR PRADESH,JALAUN,13.5,11.2,5.7,2.0,8.1,65.7,239.5,310.8,158.9,47.2,3.6,5.3,871.5,24.7,15.8,774.9,56.1,24.7,15.8,774.9,56.1,310.8,2.0,105.70481304084502,88.91566265060241,Low
UTTAR PRADESH,JHANSI,14.1,10.5,5.3,4.7,8.7,79.0,271.8,309.9,177.2,37.2,6.6,6.5,931.5,24.6,18.7,837.9,50.3,24.6,18.7,837.9000000000001,50.300000000000004,309.9,4.7,111.66141292480422,89.95169082125605,Moderate
UTTAR PRADESH,LALITPUR,21.0,9.4,6.5,3.4,6.8,86.2,321.7,358.1,173.3,34.1,6.7,7.4,1034.6,30.4,16.7,939.3,48.2,30.4,16.7,939.3,48.2,358.1,3.4,128.58740807385269,90.78871061279722,Moderate
UTTAR PRADESH,MAINPURI,11.8,9.5,8.1,3.8,9.9,61.3,211.5,245.9,136.6,40.1,3.7,6.2,748.4,21.3,21.8,655.3,50.0,21.3,21.799999999999997,655.3000000000001,50.00000000000001,245.9,3.7,86.86917366553762,87.56012827365046,Low
UTTAR PRADESH,MATHURA,9.3,11.2,9.5,4.5,9.5,41.3,194.7,241.6,102.3,23.6,3.8,4.6,655.9,20.5,23.5,579.9,32.0,20.5,23.5,579.9,32.0,241.6,3.8,81.80046074923953,88.41286781521573,Low
UTTAR PRADESH,MEERUT,23.2,18.3,16.0,9.4,14.4,62.0,267.0,300.7,148.8,41.6,5.4,11.2,918.0,41.5,39.8,778.5,58.2,41.5,39.8,778.5,58.2,300.7,5.4,104.78460157519676,84.80392156862744,Moderate
UTTAR PRADESH,MORADABAD,22.5,21.8,13.0,4.7,15.8,91.0,292.7,314.8,156.7,47.7,3.3,8.9,992.9,44.3,33.5,855.2,59.9,44.3,33.5,855.2,59.9,314.8,3.3,112.50924372798185,86.13153389062343,Moderate
UTTAR PRADESH,MUZAFFARNAGAR,25.0,19.6,14.4,5.9,14.3,64.7,265.2,269.7,137.2,34.5,6.2,12.4,869.1,44.6,34.6,736.8,53.1,44.6,34.6,736.8,53.1,269.7,5.9,98.15236879464497,84.77735588539869,Low
UTTAR PRADESH,PILIBHIT,20.9,16.9,14.3,5.8,23.0,112.7,326.5,343.5,205.9,73.6,4.4,7.9,1155.4,37.8,43.1,988.6,85.9,37.8,43.1,988.6,85.9,343.5,4.4,126.28723273361861,85.56344123247361,Moderate
UTTAR PRADESH,RAMPUR,21.7,22.5,19.2,7.4,22.2,107.0,331.5,321.2,155.8,34.0,4.0,11.1,1057.6,44.2,48.8,915.5,49.1,44.2,48.8,915.5,49.1,331.5,4.0,120.1374616719102,86.56391830559758,Moderate
UTTAR PRADESH,SAHARANPUR,26.9,26.5,21.3,5.7,21.2,94.6,277.0,301.6,131.4,34.5,8.3,14.9,963.9,53.4,48.2,804.6,57.7,53.4,48.2,804.6,57.699999999999996,301.6,5.7,104.5875198968874,83.4733893557423,Moderate
UTTAR PRADESH,SHAHJAHANPUR,16.9,17.5,13.0,4.8,20.2,96.2,290.4,307.3,165.3,68.5,3.5,7.2,1010.8,34.4,38.0,859.2,79.2,34.4,38.0,859.2,79.2,307.3,3.5,111.25286785544273,85.0019786307875,Moderate
UTTAR PRADESH,GHAZIABAD,19.6,18.3,18.0,6.1,12.5,44.6,213.5,255.6,128.0,37.0,5.0,8.1,766.3,37.9,36.6,641.7,50.1,37.900000000000006,36.6,641.7,50.1,255.6,5.0,86.88982007884084,83.74004958893386,Low
UTTAR PRADESH,FIROZABAD,13.3,10.9,7.5,3.8,10.3,59.5,216.9,258.1,141.8,35.5,2.9,5.0,765.5,24.2,21.6,676.3,43.4,24.200000000000003,21.6,676.3,43.4,258.1,2.9,90.57509650042118,88.34748530372305,Low
UTTAR PRADESH,MAHOBA,17.4,10.6,4.8,1.2,7.4,66.2,243.1,314.3,152.8,24.9,4.7,5.7,853.1,28.0,13.4,776.4,35.3,28.0,13.4,776.4000000000001,35.3,314.3,1.2,107.08239358153848,91.00926034462549,Low
UTTAR PRADESH,MAHAMAYA NAGA,11.5,10.4,10.4,4.0,10.7,47.8,213.8,244.6,119.2,31.5,2.1,4.8,710.8,21.9,25.1,625.4,38.4,21.9,25.1,625.4000000000001,38.4,244.6,2.1,86.03846215325429,87.98536859876198,Low
UTTAR PRADESH,AURAIYA,13.5,16.5,7.7,3.2,10.8,59.8,226.9,268.3,145.0,50.7,3.7,5.8,811.9,30.0,21.7,700.0,60.2,30.0,21.700000000000003,700.0,60.2,268.3,3.2,93.61246477155731,86.21751447222564,Low
UTTAR PRADESH,BAGPAT,17.3,16.3,12.7,7.4,13.6,42.8,194.0,220.3,88.2,21.6,4.9,7.0,646.1,33.6,33.7,545.3,33.5,33.6,33.7,545.3000000000001,33.5,220.3,4.9,75.37640646459045,84.39869989165764,Low
UTTAR PRADESH,JYOTIBA PHULE,22.8,15.7,15.9,4.4,13.9,59.7,279.3,298.5,145.5,48.6,5.3,7.8,917.4,38.5,34.2,783.0,61.7,38.5,34.2,783.0,61.699999999999996,298.5,4.4,106.76756827971515,85.34990189666449,Moderate
UTTAR PRADESH,GAUTAM BUDDHA,19.2,9.3,12.4,5.0,6.0,36.9,181.7,228.6,125.6,35.8,3.4,5.4,669.3,28.5,23.4,572.8,44.6,28.5,23.4,572.8,44.599999999999994,228.6,3.4,78.0861194160303,85.58195129239505,Low
UTTAR PRADESH,KANSHIRAM NAG,16.5,9.5,11.4,4.4,13.2,52.0,224.7,274.6,150.2,53.4,2.9,5.6,818.4,26.0,29.0,701.5,61.9,26.0,29.0,701.5,61.9,274.6,2.9,94.83085420416135,85.71603128054741,Low
UTTARANCHAL,ALMORA,46.2,46.8,47.4,25.5,46.7,132.3,299.9,276.9,149.3,57.2,8.1,21.0,1157.3,93.0,119.6,858.4,86.3,93.0,119.60000000000001,858.3999999999999,86.3,299.9,8.1,99.0759530345127,74.17264322129093,Moderate
UTTARANCHAL,CHAMOLI,57.5,77.7,81.9,42.9,69.4,108.7,289.6,329.2,131.8,43.5,10.2,24.6,1267.0,135.2,194.2,859.3,78.3,135.2,194.20000000000002,859.3,78.30000000000001,329.2,10.2,101.3378761940231,67.82162588792423,Moderate
UTTARANCHAL,DEHRADUN,51.7,49.3,49.8,24.2,50.8,185.2,683.3,673.9,259.7,62.6,12.9,20.5,2123.9,101.0,124.8,1802.1,96.0,101.0,124.8,1802.1000000000001,96.0,683.3,12.9,245.34312691461815,84.84862752483639,High
UTTARANCHAL,GARHWAL PAURI,43.1,33.2,35.5,19.4,38.3,123.5,452.5,443.7,193.8,55.7,7.4,17.9,1464.0,76.3,93.2,1213.5,81.0,76.30000000000001,93.19999999999999,1213.5,81.0,452.5,7.4,161.06736027344132,82.88934426229508,High
UTTARANCHAL,NAINITAL,46.0,41.0,37.7,20.9,54.4,205.0,514.0,458.3,261.8,82.2,6.5,15.9,1743.7,87.0,113.0,1439.1,104.6,87.0,113.0,1439.1,104.60000000000001,514.0,6.5,177.63377779901973,82.53139874978494,High
UTTARANCHAL,PITHORAGARH,50.3,57.4,65.6,46.2,93.5,299.6,555.8,538.9,293.6,65.3,12.5,19.3,2098.0,107.7,205.3,1687.9,97.1,107.69999999999999,205.3,1687.9,97.1,555.8,12.5,198.69697501166917,80.45281220209723,High
UTTARANCHAL,GARHWAL TEHRI,54.6,52.2,56.3,31.7,55.9,136.2,371.5,366.7,172.7,48.4,10.3,28.5,1385.0,106.8,143.9,1047.1,87.2,106.80000000000001,143.9,1047.1,87.2,371.5,10.3,126.94704574838448,75.6028880866426,High
UTTARANCHAL,UTTARKASHI,70.9,72.8,84.9,48.5,102.1,147.6,380.6,405.2,215.2,59.6,13.3,25.0,1625.7,143.7,235.5,1148.6,97.9,143.7,235.5,1148.6000000000001,97.9,405.2,13.3,131.9655128846514,70.65264193885712,High
UTTARANCHAL,HARIDWAR,33.0,35.9,30.4,12.2,21.8,105.7,332.4,367.0,156.8,29.7,4.4,14.6,1143.9,68.9,64.4,961.9,48.7,68.9,64.39999999999999,961.8999999999999,48.7,367.0,4.4,126.82696963687467,84.08951831453797,Moderate
UTTARANCHAL,CHAMPAWAT,43.5,39.3,33.7,26.9,52.5,213.1,465.9,406.3,234.4,77.4,8.2,22.7,1623.9,82.8,113.1,1319.7,108.3,82.8,113.1,1319.7,108.30000000000001,465.9,8.2,158.79339993726552,81.2673194162202,High
UTTARANCHAL,RUDRAPRAYAG,75.6,73.3,85.4,54.7,94.1,217.7,578.0,639.4,236.0,52.6,13.7,30.4,2150.9,148.9,234.2,1671.1,96.7,148.89999999999998,234.20000000000002,1671.1,96.69999999999999,639.4,13.7,212.04237766126474,77.69305871960573,High
UTTARANCHAL,UDHAM SINGH N,30.0,19.0,15.7,9.0,32.9,147.4,402.9,365.8,203.8,73.5,4.5,9.4,1313.9,49.0,57.6,1119.9,87.4,49.0,57.599999999999994,1119.8999999999999,87.4,402.9,4.5,142.61196850407072,85.23479716873429,Moderate
UTTARANCHAL,BAGESHWAR,46.2,46.8,47.4,25.5,46.7,132.3,299.9,276.9,149.3,57.2,8.1,21.0,1157.3,93.0,119.6,858.4,86.3,93.0,119.60000000000001,858.3999999999999,86.3,299.9,8.1,99.0759530345127,74.17264322129093,Moderate
HARYANA,AMBALA,38.9,31.6,25.3,7.7,20.5,105.2,307.8,326.0,177.6,34.4,8.8,20.9,1104.7,70.5,53.5,916.6,64.1,70.5,53.5,916.6,64.1,326.0,7.7,115.70252184203274,82.97275278356115,Moderate
HARYANA,GURGAON,10.2,11.7,7.0,6.4,13.9,38.0,169.0,185.2,80.1,12.7,5.5,4.3,544.0,21.9,27.3,472.3,22.5,21.9,27.3,472.29999999999995,22.5,185.2,4.3,65.22189165851563,86.81985294117646,Low
HARYANA,HISAR,11.0,12.2,9.7,7.4,14.5,35.1,118.8,113.8,57.4,13.0,4.5,4.0,401.4,23.2,31.6,325.1,21.5,23.2,31.6,325.09999999999997,21.5,118.8,4.0,41.55829421645958,80.99152964623816,Low
HARYANA,JIND,16.4,18.7,12.4,5.4,14.9,40.7,142.3,147.0,85.6,15.8,5.1,4.8,509.1,35.1,32.7,415.6,25.7,35.099999999999994,32.7,415.6,25.7,147.0,4.8,52.7134987886922,81.63425653113337,Low
HARYANA,KARNAL,30.3,21.4,19.4,8.9,13.1,60.3,197.8,224.3,94.6,26.2,5.9,12.2,714.4,51.7,41.4,577.0,44.3,51.7,41.4,577.0,44.3,224.3,5.9,75.2953497698875,80.76707726763718,Low
HARYANA,MAHENDRAGARH,11.8,10.9,9.4,5.3,18.9,43.5,154.3,144.4,53.2,14.1,3.5,6.9,476.2,22.7,33.6,395.4,24.5,22.700000000000003,33.599999999999994,395.40000000000003,24.5,154.3,3.5,53.4921546215948,83.03233935321295,Low
HARYANA,ROHTAK,19.3,16.8,17.7,9.3,19.8,49.5,194.1,195.8,68.6,13.4,5.8,7.9,618.0,36.1,46.8,508.0,27.1,36.1,46.8,508.0,27.1,195.8,5.8,69.4549036164016,82.20064724919094,Low
HARYANA,BHIWANI,14.6,10.4,8.1,5.5,11.2,32.3,128.2,132.0,56.0,13.4,4.2,3.6,419.5,25.0,24.8,348.5,21.2,25.0,24.799999999999997,348.5,21.200000000000003,132.0,3.6,46.832670382453266,83.07508939213349,Low
HARYANA,FARIDABAD,16.5,12.3,10.4,10.7,16.1,42.2,201.6,234.7,121.7,18.7,6.0,6.7,697.6,28.8,37.2,600.2,31.4,28.8,37.2,600.2,31.4,234.7,6.0,81.5199622327209,86.03784403669725,Low
HARYANA,KURUKSHETRA,28.7,19.4,21.5,9.8,10.2,66.3,202.3,203.3,91.1,23.5,5.2,10.1,691.4,48.1,41.5,563.0,38.8,48.099999999999994,41.5,563.0,38.8,203.3,5.2,72.39952075850093,81.42898466878798,Low
HARYANA,SIRSA,11.0,11.6,10.1,5.5,12.1,23.0,99.8,81.7,37.6,13.4,4.9,2.8,313.5,22.6,27.7,242.1,21.1,22.6,27.7,242.1,21.1,99.8,2.8,31.813579862008044,77.22488038277511,Low
HARYANA,SONEPAT(RTK),19.4,15.6,14.4,9.6,16.7,46.2,194.4,208.5,85.2,20.4,5.9,7.9,644.2,35.0,40.7,534.3,34.2,35.0,40.7,534.3000000000001,34.199999999999996,208.5,5.9,72.47933665827966,82.94008072027322,Low
HARYANA,YAMUNANAGAR,42.5,34.9,31.9,15.1,26.4,117.8,304.4,325.4,144.5,36.0,6.8,21.3,1107.0,77.4,73.4,892.1,64.1,77.4,73.4,892.0999999999999,64.1,325.4,6.8,111.98361487289111,80.58717253839204,Moderate
HARYANA,KAITHAL,17.7,15.2,12.5,5.6,8.5,42.2,128.3,140.1,73.4,14.2,3.9,4.9,466.5,32.9,26.6,384.0,23.0,32.9,26.6,384.0,23.0,140.1,3.9,48.773281154187835,82.31511254019293,Low
HARYANA,PANIPAT,20.6,15.8,12.6,9.5,9.9,55.1,176.2,203.9,86.5,21.8,4.7,7.5,624.1,36.4,32.0,521.7,34.0,36.400000000000006,32.0,521.7,34.0,203.9,4.7,68.92427278388855,83.5923730171447,Low
HARYANA,REWARI,9.1,8.7,5.2,3.0,9.9,33.1,150.1,183.5,69.1,13.2,3.5,3.8,492.2,17.8,18.1,435.8,20.5,17.799999999999997,18.1,435.79999999999995,20.5,183.5,3.0,62.06869849878708,88.54124339699308,Low
HARYANA,FATEHABAD,16.7,11.0,11.2,6.8,14.9,31.3,104.3,95.9,51.5,12.4,3.6,5.0,364.6,27.7,32.9,283.0,21.0,27.7,32.9,283.0,21.0,104.3,3.6,35.18105981486302,77.61930883159627,Low
HARYANA,JHAJJAR,12.4,12.5,9.7,7.5,10.6,34.4,159.3,151.2,72.4,11.0,3.4,4.6,489.0,24.9,27.8,417.3,19.0,24.9,27.799999999999997,417.29999999999995,19.0,159.3,3.4,56.77926157898274,85.33742331288343,Low
HARYANA,PANCHKULA,43.6,37.4,27.8,11.5,27.9,105.6,327.0,346.6,171.2,18.7,12.2,18.7,1148.2,81.0,67.2,950.4,49.6,81.0,67.19999999999999,950.4000000000001,49.599999999999994,346.6,11.5,121.91248599886823,82.77303605643617,Moderate
HARYANA,MEWAT,9.4,9.6,6.3,5.2,9.8,41.3,167.2,194.0,99.3,20.7,4.1,5.1,572.0,19.0,21.3,501.8,29.9,19.0,21.3,501.8,29.9,194.0,4.1,67.89516428534019,87.72727272727273,Low
HARYANA,PALWAL(FRD),9.1,7.9,5.9,4.3,7.7,28.1,160.4,171.8,86.6,20.0,3.1,3.2,508.1,17.0,17.9,446.9,26.3,17.0,17.9,446.9,26.3,171.8,3.1,62.3016336913091,87.95512694351505,Low
CHANDIGARH,CHANDIGARH,44.3,38.9,33.2,14.8,30.1,120.0,282.4,287.5,154.3,31.8,9.9,23.4,1070.6,83.2,78.1,844.2,65.1,83.19999999999999,78.1,844.2,65.1,287.5,9.9,101.1115210891899,78.8529796375864,Moderate
DELHI,NEW DELHI,16.4,16.3,15.3,8.9,19.3,59.8,220.7,245.5,110.2,20.5,5.6,8.6,747.1,32.7,43.5,636.2,34.7,32.7,43.5,636.2,34.7,245.5,5.6,85.24383697619578,85.15593628697631,Low
DELHI,CENTRAL DELHI,16.4,16.3,15.3,8.9,19.3,59.8,220.7,245.5,110.2,20.5,5.6,8.6,747.1,32.7,43.5,636.2,34.7,32.7,43.5,636.2,34.7,245.5,5.6,85.24383697619578,85.15593628697631,Low
DELHI,EAST DELHI,16.4,16.3,15.3,8.9,19.3,59.8,220.7,245.5,110.2,20.5,5.6,8.6,747.1,32.7,43.5,636.2,34.7,32.7,43.5,636.2,34.7,245.5,5.6,85.24383697619578,85.15593628697631,Low
DELHI,NORTH DELHI,16.4,16.3,15.3,8.9,19.3,59.8,220.7,245.5,110.2,20.5,5.6,8.6,747.1,32.7,43.5,636.2,34.7,32.7,43.5,636.2,34.7,245.5,5.6,85.24383697619578,85.15593628697631,Low
DELHI,NE DELHI,16.4,16.3,15.3,8.9,19.3,59.8,220.7,245.5,110.2,20.5,5.6,8.6,747.1,32.7,43.5,636.2,34.7,32.7,43.5,636.2,34.7,245.5,5.6,85.24383697619578,85.15593628697631,Low
DELHI,SW DELHI,16.4,16.3,15.3,8.9,19.3,59.8,220.7,245.5,110.2,20.5,5.6,8.6,747.1,32.7,43.5,636.2,34.7,32.7,43.5,636.2,34.7,245.5,5.6,85.24383697619578,85.15593628697631,Low
DELHI,NW DELHI,16.4,16.3,15.3,8.9,19.3,59.8,220.7,245.5,110.2,20.5,5.6,8.6,747.1,32.7,43.5,636.2,34.7,32.7,43.5,636.2,34.7,245.5,5.6,85.24383697619578,85.15593628697631,Low
DELHI,SOUTH DELHI,16.4,16.3,15.3,8.9,19.3,59.8,220.7,245.5,110.2,20.5,5.6,8.6,747.1,32.7,43.5,636.2,34.7,32.7,43.5,636.2,34.7,245.5,5.6,85.24383697619578,85.15593628697631,Low
DELHI,WEST DELHI,16.4,16.3,15.3,8.9,19.3,59.8,220.7,245.5,110.2,20.5,5.6,8.6,747.1,32.7,43.5,636.2,34.7,32.7,43.5,636.2,34.7,245.5,5.6,85.24383697619578,85.15593628697631,Low
PUNJAB,AMRITSAR,30.4,29.0,35.4,20.9,17.1,43.1,211.4,194.1,89.0,28.7,7.6,15.0,721.7,59.4,73.4,537.6,51.3,59.4,73.4,537.6,51.3,211.4,7.6,69.80044879164568,74.49078564500485,Low
PUNJAB,BATHINDA,11.5,17.4,13.0,8.0,9.7,33.5,109.6,115.4,62.5,19.2,2.7,5.4,407.9,28.9,30.7,321.0,27.3,28.9,30.7,321.0,27.299999999999997,115.4,2.7,40.06790731957057,78.69575876440305,Low
PUNJAB,FEROZEPUR,15.7,14.5,21.3,9.3,15.4,31.3,128.4,124.7,67.9,12.3,5.1,9.7,455.6,30.2,46.0,352.3,27.1,30.2,46.0,352.30000000000007,27.099999999999998,128.4,5.1,44.5529375285653,77.32660228270414,Low
PUNJAB,GURDASPUR,60.0,49.9,53.8,25.7,21.3,57.1,324.6,319.9,126.2,37.2,11.0,25.8,1112.5,109.9,100.8,827.8,74.0,109.9,100.8,827.8000000000001,74.0,324.6,11.0,111.19970126131663,74.40898876404495,Moderate
PUNJAB,HOSHIARPUR,38.4,39.8,39.8,16.0,20.4,74.9,275.7,241.5,125.8,31.5,9.3,20.0,933.1,78.2,76.2,717.9,60.8,78.19999999999999,76.19999999999999,717.9,60.8,275.7,9.3,90.4562320917825,76.93709141571107,Moderate
PUNJAB,JALANDHAR,28.6,28.6,30.7,13.7,20.2,48.5,203.9,188.1,111.0,21.9,7.3,16.6,719.1,57.2,64.6,551.5,45.8,57.2,64.6,551.5,45.8,203.9,7.3,69.09848209094558,76.6930885829509,Low
PUNJAB,KAPURTHALA,27.6,21.0,25.8,9.5,14.1,37.1,166.3,136.5,82.7,31.4,5.4,10.6,568.0,48.6,49.4,422.6,47.4,48.6,49.4,422.59999999999997,47.4,166.3,5.4,53.00364195605865,74.40140845070422,Low
PUNJAB,LUDHIANA,24.3,26.1,26.5,12.1,16.6,51.2,203.0,178.3,101.7,25.7,5.4,14.7,685.6,50.4,55.2,534.2,45.8,50.400000000000006,55.2,534.2,45.8,203.0,5.4,67.48418445469392,77.9171528588098,Low
PUNJAB,PATIALA,26.7,24.7,20.9,9.3,15.3,54.9,235.9,208.5,115.9,21.1,4.3,14.5,752.0,51.4,45.5,615.2,39.9,51.4,45.5,615.2,39.900000000000006,235.9,4.3,80.45149112504022,81.80851063829789,Low
PUNJAB,RUPNAGAR,41.6,38.9,51.2,14.7,25.6,65.4,291.0,252.9,119.2,19.7,13.2,23.1,956.5,80.5,91.5,728.5,56.0,80.5,91.5,728.5,56.0,291.0,13.2,94.73253696912197,76.16309461578672,Moderate
PUNJAB,SANGRUR,18.3,19.3,15.9,10.4,18.7,44.8,160.5,145.8,85.7,20.4,4.7,12.9,557.4,37.6,45.0,436.8,38.0,37.6,45.0,436.8,38.0,160.5,4.7,54.35647490075459,78.36383207750269,Low
PUNJAB,FARIDKOT,16.1,14.3,17.0,8.1,13.9,36.0,120.0,103.8,65.3,9.8,3.8,7.5,415.6,30.4,39.0,325.1,21.1,30.400000000000002,39.0,325.1,21.1,120.0,3.8,39.90803822729846,78.22425409047162,Low
PUNJAB,MOGA,21.3,13.4,15.0,9.7,15.7,33.7,123.0,133.5,63.8,20.9,3.1,7.5,460.6,34.7,40.4,354.0,31.5,34.7,40.4,354.0,31.5,133.5,3.1,44.903448608872985,76.85627442466347,Low
PUNJAB,NAWANSHAHR,38.8,39.9,38.6,15.9,19.2,85.3,309.6,254.9,138.8,29.6,10.1,24.9,1005.6,78.7,73.7,788.6,64.6,78.69999999999999,73.7,788.6000000000001,64.6,309.6,10.1,99.95701803548091,78.4208432776452,Moderate
PUNJAB,FATEHGARH SAH,24.9,21.8,22.6,10.0,13.7,45.6,220.6,174.6,106.3,18.9,7.1,17.0,683.1,46.7,46.3,547.1,43.0,46.7,46.3,547.0999999999999,43.0,220.6,7.1,71.49915606622093,80.09076269945834,Low
PUNJAB,MUKTSAR,16.7,12.7,18.2,7.0,10.9,31.2,113.0,107.5,60.1,11.2,3.5,7.5,399.5,29.4,36.1,311.8,22.2,29.4,36.1,311.8,22.2,113.0,3.5,39.014972844545284,78.04755944931165,Low
PUNJAB,MANSA,12.3,18.4,11.3,7.2,8.9,30.3,110.9,122.8,70.8,18.2,2.4,6.3,419.8,30.7,27.4,334.8,26.9,30.7,27.4,334.8,26.9,122.8,2.4,42.37136325683213,79.75226298237256,Low
PUNJAB,BARNALA,14.7,16.9,10.0,11.5,9.6,30.3,129.4,117.5,78.4,18.3,3.9,8.9,449.4,31.6,31.1,355.6,31.1,31.599999999999998,31.1,355.6,31.1,129.4,3.9,44.76265692008747,79.12772585669782,Low
PUNJAB,SAS NAGAR(MGA),33.4,24.7,29.5,13.8,24.6,68.8,241.8,216.6,117.3,20.2,7.3,20.7,818.7,58.1,67.9,644.5,48.2,58.099999999999994,67.9,644.5,48.2,241.8,7.3,81.07294274574313,78.72236472456333,Low
PUNJAB,TARN TARAN,18.0,18.3,21.5,10.4,12.4,23.5,133.6,111.4,68.3,17.8,4.5,9.5,449.2,36.3,44.3,336.8,31.8,36.3,44.3,336.8,31.8,133.6,4.5,43.13973771010864,74.97773820124667,Low
HIMACHAL,BILASPUR,62.5,66.8,54.0,26.1,41.1,107.4,311.8,304.2,153.6,27.0,14.0,28.7,1197.2,129.3,121.2,877.0,69.7,129.3,121.19999999999999,877.0000000000001,69.7,311.8,14.0,104.81479192394845,73.25425993985968,Moderate
HIMACHAL,CHAMBA,126.2,112.8,120.3,51.2,53.4,132.4,567.3,479.2,227.5,48.7,21.9,56.2,1997.1,239.0,224.9,1406.4,126.8,239.0,224.9,1406.3999999999999,126.8,567.3,21.9,176.58005717211978,70.42211206249061,High
HIMACHAL,KANGRA,83.0,80.2,84.9,39.9,45.1,145.6,583.2,619.4,233.9,48.1,15.8,40.7,2019.8,163.2,169.9,1582.1,104.6,163.2,169.9,1582.1000000000001,104.60000000000001,619.4,15.8,210.64748162546712,78.32953757797803,High
HIMACHAL,KINNAUR,102.1,107.8,113.9,77.4,69.4,37.1,75.0,81.3,70.8,35.4,17.5,48.7,836.4,209.9,260.7,264.2,101.6,209.89999999999998,260.70000000000005,264.2,101.6,113.9,17.5,30.276513549734762,31.587757054041127,Low
HIMACHAL,KULLU,86.9,97.0,135.2,79.5,72.1,82.4,184.8,165.9,86.6,32.0,23.4,42.3,1088.1,183.9,286.8,519.7,97.7,183.9,286.79999999999995,519.7,97.69999999999999,184.8,23.4,49.9261841485644,47.762154213767126,Moderate
HIMACHAL,LAHUL & SPITI,132.8,137.1,176.6,108.9,91.7,52.4,164.5,139.9,101.4,52.2,29.6,61.7,1248.8,269.9,377.2,458.2,143.5,269.9,377.2,458.20000000000005,143.5,176.6,29.6,47.67058047081284,36.69122357463166,Moderate
HIMACHAL,MANDI,71.1,67.5,81.7,48.3,64.3,160.1,411.2,370.1,152.0,34.4,15.3,30.9,1506.9,138.6,194.3,1093.4,80.6,138.6,194.3,1093.4,80.6,411.2,15.3,131.6650303887586,72.55955936027605,High
HIMACHAL,HAMIRPUR,73.0,61.4,59.1,27.1,42.7,143.3,384.8,391.2,159.6,41.1,13.9,31.0,1428.2,134.4,128.9,1078.9,86.0,134.4,128.9,1078.8999999999999,86.0,391.2,13.9,133.1877747142482,75.54264108668252,High
HIMACHAL,SHIMLA,69.1,70.3,80.0,48.3,65.0,104.7,226.9,189.0,113.3,32.6,13.9,28.3,1041.4,139.4,193.3,633.9,74.8,139.39999999999998,193.3,633.9,74.8,226.9,13.9,64.21489254248132,60.869982715575176,Moderate
HIMACHAL,SIRMAUR,58.4,53.3,42.4,20.4,31.9,140.9,508.0,485.6,190.1,44.0,9.2,34.1,1618.3,111.7,94.7,1324.6,87.3,111.69999999999999,94.69999999999999,1324.6,87.30000000000001,508.0,9.2,176.9148149320012,81.85132546499413,High
HIMACHAL,SOLAN,71.7,66.1,62.6,27.9,48.8,130.3,368.4,331.8,169.6,44.1,12.9,32.0,1366.2,137.8,139.3,1000.1,89.0,137.8,139.3,1000.1,89.0,368.4,12.9,118.98590825655096,73.20304494217538,High
HIMACHAL,UNA,46.3,45.1,40.9,17.2,26.8,67.6,340.0,310.3,144.8,32.1,15.5,24.1,1110.7,91.4,84.9,862.7,71.7,91.4,84.89999999999999,862.7,71.7,340.0,15.5,114.15078113325958,77.671738543261,Moderate
JAMMU AND KASHMIR,ANANTNAG,83.2,100.7,152.7,113.4,101.1,65.2,87.4,82.1,50.4,39.5,38.5,55.4,969.6,183.9,367.2,285.1,133.4,183.9,367.20000000000005,285.1,133.4,152.7,38.5,33.57371807611641,29.40387788778878,Moderate
JAMMU AND KASHMIR,BARAMULLA,116.1,157.0,189.6,145.9,111.4,60.5,71.2,70.0,46.0,47.6,35.9,80.8,1132.0,273.1,446.9,247.7,164.3,273.1,446.9,247.7,164.3,189.6,35.9,49.37491695428382,21.881625441696112,Moderate
JAMMU AND KASHMIR,DODA,119.4,161.8,213.5,127.5,100.4,72.6,146.4,125.8,96.6,40.9,46.5,84.1,1335.5,281.2,441.4,441.4,171.5,281.20000000000005,441.4,441.4,171.5,213.5,40.9,49.07603485378273,33.05129165106702,Moderate
JAMMU AND KASHMIR,JAMMU,56.3,66.6,68.9,37.2,39.9,63.9,366.6,323.6,106.4,31.5,15.7,34.7,1211.3,122.9,146.0,860.5,81.9,122.89999999999999,146.0,860.5,81.9,366.6,15.7,116.78153230660571,71.03937917939405,Moderate
JAMMU AND KASHMIR,KATHUA,85.7,59.0,45.4,20.0,12.5,62.5,387.8,404.2,127.5,29.0,8.6,26.0,1268.2,144.7,77.9,982.0,63.6,144.7,77.9,982.0,63.6,404.2,8.6,139.7840011220775,77.43258161173317,Moderate
JAMMU AND KASHMIR,LADAKH (LEH),8.1,7.3,8.8,8.0,8.0,3.8,13.1,14.1,8.6,7.2,3.6,4.0,94.6,15.4,24.8,39.6,14.8,15.399999999999999,24.8,39.6,14.8,14.1,3.6,3.2779797917545976,41.86046511627907,Low
JAMMU AND KASHMIR,UDHAMPUR,108.5,120.3,134.8,64.3,41.1,91.5,514.7,551.1,219.9,42.6,24.8,60.3,1973.9,228.8,240.2,1377.2,127.7,228.8,240.20000000000002,1377.2000000000003,127.7,551.1,24.8,180.14399017721826,69.77050509144334,High
JAMMU AND KASHMIR,BADGAM,56.6,65.9,106.8,88.1,79.3,35.3,55.5,55.1,40.5,32.8,27.7,28.1,671.7,122.5,274.2,186.4,88.6,122.5,274.2,186.4,88.6,106.8,27.7,25.29757893554243,27.750483846955486,Low
JAMMU AND KASHMIR,KUPWARA,87.1,126.3,240.6,154.8,99.6,59.0,88.0,74.7,31.5,51.1,52.0,68.0,1132.7,213.4,495.0,253.2,171.1,213.39999999999998,495.0,253.2,171.1,240.6,31.5,57.30997784510181,22.35366822636179,Moderate
JAMMU AND KASHMIR,PULWAMA,42.5,48.2,77.2,72.4,57.9,25.5,42.5,47.4,36.0,21.0,12.9,21.1,504.6,90.7,207.5,151.4,55.0,90.7,207.50000000000003,151.4,55.0,77.2,12.9,20.26405236328159,30.003963535473645,Low
JAMMU AND KASHMIR,SRINAGAR,56.7,68.8,104.0,86.8,68.0,37.4,55.6,60.9,30.4,31.7,29.0,44.3,673.6,125.5,258.8,184.3,105.0,125.5,258.8,184.3,105.0,104.0,29.0,23.43778353363852,27.360451306413303,Low
JAMMU AND KASHMIR,KARGIL,25.6,25.6,25.1,19.7,22.0,5.5,11.6,24.0,8.6,14.5,20.6,20.5,223.3,51.2,66.8,49.7,55.6,51.2,66.8,49.7,55.6,25.6,5.5,6.923012787840715,22.25705329153605,Low
JAMMU AND KASHMIR,POONCH,138.9,124.2,158.5,99.0,69.6,116.6,344.2,191.5,108.2,27.4,40.4,55.6,1474.1,263.1,327.1,760.5,123.4,263.1,327.1,760.5,123.4,344.2,27.4,84.92153017862306,51.59080116681365,High
JAMMU AND KASHMIR,RAJOURI,59.3,66.7,60.6,23.6,27.5,46.4,249.0,253.8,100.3,38.8,11.3,19.9,957.2,126.0,111.7,649.5,70.0,126.0,111.7,649.5,70.0,253.8,11.3,83.80492861763,67.85415796071877,Moderate
JAMMU AND KASHMIR,BANDIPORE,68.7,93.3,119.6,89.4,63.5,30.8,46.1,57.8,33.9,38.0,26.6,32.7,700.4,162.0,272.5,168.6,97.3,162.0,272.5,168.6,97.3,119.6,26.6,29.63119772786579,24.071958880639635,Low
JAMMU AND KASHMIR,GANDERWAL,56.7,68.8,104.0,86.8,68.0,37.4,55.6,60.9,30.4,31.7,29.0,44.3,673.6,125.5,258.8,184.3,105.0,125.5,258.8,184.3,105.0,104.0,29.0,23.43778353363852,27.360451306413303,Low
JAMMU AND KASHMIR,KULGAM/(ANT),75.9,70.6,131.9,130.6,107.1,41.6,79.9,78.8,68.6,38.1,27.8,28.0,878.9,146.5,369.6,268.9,93.9,146.5,369.6,268.9,93.9,131.9,27.8,36.100704055922975,30.595062009329844,Low
JAMMU AND KASHMIR,SHOPAN,48.5,72.9,119.1,121.3,90.8,42.7,85.1,91.9,46.0,31.9,28.6,39.9,818.7,121.4,331.2,265.7,100.4,121.4,331.2,265.7,100.4,121.3,28.6,33.040584547987756,32.4538903139123,Low
JAMMU AND KASHMIR,SAMBA,56.3,66.6,68.9,37.2,39.9,63.9,366.6,323.6,106.4,31.5,15.7,34.7,1211.3,122.9,146.0,860.5,81.9,122.89999999999999,146.0,860.5,81.9,366.6,15.7,116.78153230660571,71.03937917939405,Moderate
JAMMU AND KASHMIR,KISTWAR,119.4,161.8,213.5,127.5,100.4,72.6,146.4,125.8,96.6,40.9,46.5,84.1,1335.5,281.2,441.4,441.4,171.5,281.20000000000005,441.4,441.4,171.5,213.5,40.9,49.07603485378273,33.05129165106702,Moderate
JAMMU AND KASHMIR,REASI,101.5,93.0,84.6,43.5,40.0,83.2,440.5,556.9,242.0,42.2,12.2,56.9,1796.5,194.5,168.1,1322.6,111.3,194.5,168.1,1322.6,111.30000000000001,556.9,12.2,174.63755431976216,73.62092958530475,High
JAMMU AND KASHMIR,RAMBAN(DDA),144.5,190.8,211.6,112.9,85.0,61.4,132.2,120.2,86.8,42.1,43.6,97.3,1328.4,335.3,409.5,400.6,183.0,335.3,409.5,400.6,183.0,211.6,42.1,53.38259845850347,30.15657934357121,Moderate
RAJASTHAN,BARMER,1.2,1.7,2.3,3.2,9.1,27.4,88.6,86.7,40.7,4.1,3.2,0.4,268.6,2.9,14.6,243.4,7.7,2.9,14.6,243.39999999999998,7.7,88.6,0.4,32.87969346609306,90.61801935964257,Low
RAJASTHAN,BIKANER,4.1,7.8,5.7,4.1,14.3,29.2,85.7,74.6,39.2,4.4,2.5,2.4,274.0,11.9,24.1,228.7,9.3,11.899999999999999,24.1,228.7,9.3,85.7,2.4,29.241015196072958,83.46715328467153,Low
RAJASTHAN,CHURU,6.2,7.4,6.3,4.9,16.4,37.7,126.6,101.7,47.7,9.9,2.4,2.4,369.6,13.6,27.6,313.7,14.7,13.600000000000001,27.599999999999998,313.7,14.700000000000001,126.6,2.4,41.79902130215709,84.87554112554112,Low
RAJASTHAN,SRI GANGANAGA,6.0,8.0,9.3,7.0,11.6,25.5,79.3,64.9,31.7,3.1,2.1,4.4,252.9,14.0,27.9,201.4,9.6,14.0,27.9,201.39999999999998,9.600000000000001,79.3,2.1,25.635916743364714,79.63621984974297,Low
RAJASTHAN,JAISALMER,1.7,2.9,2.2,3.8,6.6,19.4,59.3,56.9,22.8,3.1,1.5,1.0,181.2,4.6,12.6,158.4,5.6,4.6,12.6,158.4,5.6,59.3,1.0,21.32258725560121,87.41721854304637,Low
RAJASTHAN,JALORE,1.8,1.1,2.6,1.4,8.2,34.5,161.1,132.2,66.4,9.2,7.6,1.0,427.1,2.9,12.2,394.2,17.8,2.9000000000000004,12.2,394.19999999999993,17.799999999999997,161.1,1.0,55.63833633113924,92.29688597518143,Low
RAJASTHAN,JODHPUR,2.9,3.1,2.7,5.2,11.1,27.9,109.5,94.6,42.5,4.9,2.7,1.0,308.1,6.0,19.0,274.5,8.6,6.0,19.0,274.5,8.600000000000001,109.5,1.0,37.92512060267274,89.09444985394352,Low
RAJASTHAN,NAGAUR,4.1,5.5,2.7,4.7,15.3,42.5,142.6,116.0,47.4,7.9,2.6,2.8,394.1,9.6,22.7,348.5,13.3,9.6,22.700000000000003,348.5,13.3,142.6,2.6,47.94732826632562,88.42933265668611,Low
RAJASTHAN,PALI,3.7,2.5,2.9,2.7,9.5,41.9,177.3,152.9,74.6,11.9,4.6,1.2,485.7,6.2,15.1,446.7,17.7,6.2,15.1,446.70000000000005,17.7,177.3,1.2,62.35227086336297,91.97035206917852,Low
RAJASTHAN,HANUMANGARH,7.5,8.6,5.7,4.9,13.0,32.2,103.4,83.4,33.5,3.4,3.6,2.4,301.6,16.1,23.6,252.5,9.4,16.1,23.6,252.50000000000003,9.4,103.4,2.4,33.86065921425988,83.72015915119364,Low
RAJASTHAN,AJMER,3.7,2.0,2.1,2.2,8.9,43.6,171.0,155.0,60.0,9.7,2.5,1.5,462.2,5.7,13.2,429.6,13.7,5.7,13.200000000000001,429.6,13.7,171.0,1.5,61.18028252384072,92.94677628732151,Low
RAJASTHAN,ALWAR,9.6,10.2,5.6,5.5,15.8,44.2,196.9,213.3,100.9,20.0,4.1,4.8,630.9,19.8,26.9,555.3,28.9,19.799999999999997,26.9,555.3000000000001,28.900000000000002,213.3,4.1,76.3834123473034,88.01711840228246,Low
RAJASTHAN,BANSWARA,2.8,0.5,1.6,0.9,5.2,97.7,284.3,302.5,147.3,24.4,12.6,3.2,883.0,3.3,7.7,831.8,40.2,3.3,7.7,831.8,40.2,302.5,0.5,112.5748626335813,94.20158550396376,Low
RAJASTHAN,BHARATPUR,9.3,8.9,5.3,3.8,11.2,40.4,184.7,229.8,102.7,17.7,3.4,3.9,621.1,18.2,20.3,557.6,25.0,18.200000000000003,20.299999999999997,557.6,24.999999999999996,229.8,3.4,78.4093043914529,89.77620350990179,Low
RAJASTHAN,BHILWARA,4.8,3.8,3.9,3.0,10.4,60.0,213.6,217.7,89.6,11.7,8.0,3.7,630.2,8.6,17.3,580.9,23.4,8.6,17.3,580.9,23.4,217.7,3.0,80.86736428288366,92.17708663916217,Low
RAJASTHAN,BUNDI,5.6,3.3,3.3,2.3,6.6,62.2,256.6,235.8,101.3,16.7,8.3,3.6,705.6,8.9,12.2,655.9,28.6,8.899999999999999,12.2,655.9,28.6,256.6,2.3,92.71127223806175,92.9563492063492,Low
RAJASTHAN,CHITTORGARH,4.3,1.5,2.7,3.3,10.1,71.5,249.9,269.9,118.4,18.1,13.2,2.4,765.3,5.8,16.1,709.7,33.7,5.8,16.1,709.6999999999999,33.7,269.9,1.5,98.28916637795197,92.73487521233503,Low
RAJASTHAN,DUNGARPUR,1.7,0.6,1.8,1.2,4.6,77.1,228.5,221.9,110.3,14.8,12.6,2.7,677.8,2.3,7.6,637.8,30.1,2.3,7.6,637.8,30.099999999999998,228.5,0.6,86.17747895354027,94.09855414576572,Low
RAJASTHAN,JAIPUR,6.7,7.5,2.4,3.9,15.0,52.1,206.9,192.5,73.1,11.8,2.7,2.6,577.2,14.2,21.3,524.6,17.1,14.2,21.3,524.6,17.1,206.9,2.4,74.25934896759404,90.88704088704088,Low
RAJASTHAN,JHALAWAR,6.8,2.3,3.4,1.4,7.0,84.1,285.8,335.8,149.4,27.0,11.6,5.6,920.2,9.1,11.8,855.1,44.2,9.1,11.8,855.1,44.2,335.8,1.4,118.42965563292555,92.92545098891544,Moderate
RAJASTHAN,JHUNJHUNU,7.7,9.1,6.3,5.0,20.7,52.9,153.1,144.0,60.0,13.3,3.5,5.4,481.0,16.8,32.0,410.0,22.2,16.8,32.0,410.0,22.200000000000003,153.1,3.5,54.060165696670914,85.23908523908524,Low
RAJASTHAN,KOTA,6.8,3.2,3.2,2.5,6.9,69.8,275.2,276.8,124.5,24.9,10.6,3.5,807.9,10.0,12.6,746.3,39.0,10.0,12.600000000000001,746.3,39.0,276.8,2.5,104.09737683359926,92.37529397202624,Low
RAJASTHAN,SAWAI MADHOPUR,7.3,6.4,2.9,2.9,9.8,53.9,253.4,264.5,92.2,19.4,4.7,3.6,721.0,13.7,15.6,664.0,27.7,13.7,15.600000000000001,664.0,27.7,264.5,2.9,96.70775876867691,92.09431345353676,Low
RAJASTHAN,SIKAR,7.2,8.3,4.2,4.7,19.1,48.2,167.1,134.0,53.2,10.7,3.8,3.3,463.8,15.5,28.0,402.5,17.8,15.5,28.0,402.5,17.8,167.1,3.3,55.40849130856126,86.78309616213885,Low
RAJASTHAN,SIROHI,4.1,1.5,3.2,2.7,10.1,72.2,332.0,313.0,151.4,12.9,8.6,1.7,913.4,5.6,16.0,868.6,23.2,5.6,16.0,868.6,23.2,332.0,1.5,123.28263782008717,95.09524852200569,Low
RAJASTHAN,TONK,5.0,5.3,2.7,3.0,10.1,56.1,219.7,210.5,79.7,13.9,4.9,3.0,613.9,10.3,15.8,566.0,21.8,10.3,15.8,566.0,21.8,219.7,2.7,80.37929921580707,92.19742629092687,Low
RAJASTHAN,UDAIPUR,2.8,2.0,4.3,2.2,8.2,73.6,207.5,203.7,106.5,15.2,11.1,2.6,639.7,4.8,14.7,591.3,28.9,4.8,14.7,591.3,28.9,207.5,2.0,78.43423948915692,92.43395341566358,Low
RAJASTHAN,DHOLPUR,8.6,9.5,7.0,2.5,8.6,54.5,211.7,266.1,117.7,26.3,4.3,5.3,722.1,18.1,18.1,650.0,35.9,18.1,18.1,650.0,35.9,266.1,2.5,90.46795640647376,90.01523334718183,Low
RAJASTHAN,BARAN,7.1,3.2,2.8,1.7,6.5,73.3,295.3,303.6,120.0,25.2,9.7,4.3,852.7,10.3,11.0,792.2,39.2,10.3,11.0,792.2,39.199999999999996,303.6,1.7,112.58037499197334,92.90489034830539,Low
RAJASTHAN,DAUSA,8.7,7.0,4.2,4.1,12.8,52.4,237.0,228.2,94.5,17.1,4.7,4.1,674.8,15.7,21.1,612.1,25.9,15.7,21.1,612.0999999999999,25.9,237.0,4.1,86.66984726098474,90.70835803200947,Low
RAJASTHAN,RAJSAMAND,4.0,2.2,3.7,2.6,12.3,68.1,176.8,177.6,83.5,13.7,6.9,3.1,554.5,6.2,18.6,506.0,23.7,6.2,18.6,506.0,23.700000000000003,177.6,2.2,66.89532472226269,91.25338142470694,Low
RAJASTHAN,KARAULI,9.1,7.7,3.5,2.4,9.9,50.8,220.5,269.8,96.3,17.0,5.4,3.8,696.2,16.8,15.8,637.4,26.2,16.8,15.8,637.4,26.2,269.8,2.4,92.17874763280047,91.55415110600401,Low
RAJASTHAN,PRATAPGARH(CHT,3.6,1.2,3.4,3.3,5.8,108.3,283.3,290.4,163.8,32.8,16.4,3.0,915.3,4.8,12.5,845.8,52.2,4.8,12.5,845.8,52.199999999999996,290.4,1.2,110.68389161768917,92.40686113842456,Moderate
MADHYA PRADESH,BETUL,7.5,8.5,9.3,5.9,6.4,137.0,290.6,293.4,197.5,49.4,13.4,9.9,1028.8,16.0,21.6,918.5,72.7,16.0,21.6,918.5,72.7,293.4,5.9,114.06274456179676,89.27877138413687,Moderate
MADHYA PRADESH,VIDISHA,14.0,8.2,5.1,1.4,4.4,110.3,356.2,376.0,162.5,24.0,11.9,10.8,1084.8,22.2,10.9,1005.0,46.7,22.2,10.9,1005.0,46.7,376.0,1.4,138.1388234547209,92.64380530973452,Moderate
MADHYA PRADESH,BHIND,10.4,7.1,4.2,1.3,4.6,55.6,221.5,261.4,147.0,39.5,3.9,6.9,763.4,17.5,10.1,685.5,50.3,17.5,10.1,685.5,50.3,261.4,1.3,93.10294237449146,89.79565103484413,Low
MADHYA PRADESH,DATIA,9.1,8.5,5.0,3.4,6.6,62.2,246.0,293.0,174.6,39.8,4.1,7.9,860.2,17.6,15.0,775.8,51.8,17.6,15.0,775.8000000000001,51.8,293.0,3.4,104.86156964245188,90.18832829574518,Low
MADHYA PRADESH,DEWAS,7.5,4.0,3.8,1.3,6.2,127.9,311.6,330.7,179.6,34.4,13.5,10.9,1031.4,11.5,11.3,949.8,58.8,11.5,11.3,949.8000000000001,58.8,330.7,1.3,123.5953919411679,92.08842350203606,Moderate
MADHYA PRADESH,DHAR,3.3,1.0,1.4,0.8,4.1,126.4,266.3,261.5,172.6,34.8,11.1,2.8,886.1,4.3,6.3,826.8,48.7,4.3,6.3,826.8000000000001,48.699999999999996,266.3,0.8,104.88432986635875,93.30775307527368,Low
MADHYA PRADESH,GUNA,12.1,7.1,6.3,2.7,8.6,87.3,336.6,356.0,163.1,28.6,10.6,9.3,1028.3,19.2,17.6,943.0,48.5,19.2,17.6,943.0000000000001,48.5,356.0,2.7,130.54998665320315,91.7047554215696,Moderate
MADHYA PRADESH,GWALIOR,14.5,8.6,5.5,3.7,8.2,71.8,258.0,289.7,171.1,41.5,5.1,8.2,885.9,23.1,17.4,790.6,54.8,23.1,17.4,790.6,54.8,289.7,3.7,105.1967258823374,89.24257816909358,Low
MADHYA PRADESH,HOSHANGABAD,11.8,8.3,9.1,3.2,8.1,140.3,416.6,464.4,267.8,37.4,15.0,10.2,1392.2,20.1,20.4,1289.1,62.6,20.1,20.4,1289.1000000000001,62.599999999999994,464.4,3.2,170.88008465977927,92.59445481970981,High
MADHYA PRADESH,INDORE,5.9,2.3,1.8,1.2,8.3,120.4,270.9,266.9,181.5,38.3,14.1,5.7,917.3,8.2,11.3,839.7,58.1,8.2,11.3,839.6999999999999,58.1,270.9,1.2,106.06719532561623,91.54039027580943,Moderate
MADHYA PRADESH,JHABUA,2.6,0.3,0.9,0.9,7.8,108.2,240.6,248.3,148.2,39.0,12.4,3.6,812.8,2.9,9.6,745.3,55.0,2.9,9.6,745.3,55.0,248.3,0.3,95.3057790228458,91.69537401574803,Low
MADHYA PRADESH,MANDSAUR,4.9,1.8,3.8,3.9,3.6,81.7,276.7,276.9,144.7,35.8,13.0,3.3,850.1,6.7,11.3,780.0,52.1,6.7,11.299999999999999,780.0,52.099999999999994,276.9,1.8,105.38171704749732,91.7539113045524,Low
MADHYA PRADESH,MORENA,11.7,7.5,5.3,2.6,6.5,52.7,236.0,284.1,135.4,25.8,3.0,6.4,777.0,19.2,14.4,708.2,35.2,19.2,14.4,708.1999999999999,35.2,284.1,2.6,99.17585391616248,91.14543114543113,Low
MADHYA PRADESH,KHANDWA,7.3,4.1,5.8,2.0,9.7,125.3,268.1,279.0,178.4,35.4,14.6,10.3,940.0,11.4,17.5,850.8,60.3,11.399999999999999,17.5,850.8000000000001,60.3,279.0,2.0,106.7648932198334,90.51063829787235,Moderate
MADHYA PRADESH,KHARGONE,5.0,2.8,2.1,1.4,7.1,131.5,229.2,237.3,160.5,31.5,10.7,7.8,826.9,7.8,10.6,758.5,50.0,7.8,10.6,758.5,50.0,237.3,1.4,93.50417062485728,91.7281412504535,Low
MADHYA PRADESH,RAISEN,10.2,9.4,6.4,1.8,6.4,128.9,373.1,405.9,206.9,32.9,9.9,8.7,1200.5,19.6,14.6,1114.8,51.5,19.6,14.600000000000001,1114.8,51.5,405.9,1.8,149.18411113503848,92.86130778842148,Moderate
MADHYA PRADESH,RAJGARH,10.1,3.9,4.8,1.4,5.6,94.6,301.5,339.5,154.6,27.0,14.6,9.1,966.7,14.0,11.8,890.2,50.7,14.0,11.799999999999999,890.2,50.7,339.5,1.4,121.48162194215622,92.08647977655943,Moderate
MADHYA PRADESH,RATLAM,4.7,1.9,2.1,2.0,5.1,103.9,295.4,299.2,172.8,41.1,12.7,6.9,947.8,6.6,9.2,871.3,60.7,6.6,9.2,871.3,60.699999999999996,299.2,1.9,114.62772814902185,91.92867693606246,Moderate
MADHYA PRADESH,SEHORE,9.0,6.8,4.2,1.2,7.0,125.1,349.6,391.5,201.3,33.5,14.2,9.2,1152.6,15.8,12.4,1067.5,56.9,15.8,12.4,1067.5,56.900000000000006,391.5,1.2,142.2420248603191,92.61669269477704,Moderate
MADHYA PRADESH,SHAJAPUR,10.2,3.3,3.7,1.8,6.9,95.6,299.0,316.3,163.0,29.2,11.6,8.8,949.4,13.5,12.4,873.9,49.6,13.5,12.4,873.9000000000001,49.599999999999994,316.3,1.8,117.2742693109799,92.04760901622079,Moderate
MADHYA PRADESH,SHIVPURI,13.0,6.8,3.6,2.3,6.9,70.5,276.1,280.0,153.2,31.8,7.5,7.7,859.4,19.8,12.8,779.8,47.0,19.8,12.8,779.8,47.0,280.0,2.3,105.71497557397466,90.73772399348383,Low
MADHYA PRADESH,UJJAIN,6.4,2.1,2.0,0.8,5.4,104.7,276.6,291.6,160.8,35.0,12.9,7.4,905.7,8.5,8.2,833.7,55.3,8.5,8.2,833.7,55.3,291.6,0.8,109.34702161633685,92.05034779728388,Low
MADHYA PRADESH,BHOPAL,11.8,7.0,6.5,2.5,9.7,111.8,338.5,355.9,192.4,33.8,8.3,9.5,1087.7,18.8,18.7,998.6,51.6,18.8,18.7,998.6,51.599999999999994,355.9,2.5,132.73539267918324,91.80840305231222,Moderate
MADHYA PRADESH,HARDA,9.0,6.2,3.1,0.9,6.4,110.3,340.6,379.8,211.6,37.0,14.2,9.2,1128.3,15.2,10.4,1042.3,60.4,15.2,10.4,1042.3,60.400000000000006,379.8,0.9,139.13196564282546,92.37791367544092,Moderate
MADHYA PRADESH,NEEMUCH,4.5,2.8,3.7,2.3,6.1,85.2,264.5,258.8,138.9,31.2,12.3,3.5,813.8,7.3,12.1,747.4,47.0,7.3,12.1,747.4,47.0,264.5,2.3,99.78248920284136,91.84074711231261,Low
MADHYA PRADESH,SHEOPUR,9.8,3.3,4.3,2.2,6.8,69.1,271.8,278.2,108.3,27.7,4.9,5.5,791.9,13.1,13.3,727.4,38.1,13.100000000000001,13.3,727.3999999999999,38.1,278.2,2.2,102.9180738463484,91.85503220103547,Low
MADHYA PRADESH,BARWANI,2.9,0.8,1.9,0.9,7.2,105.6,198.0,194.6,137.2,35.5,10.8,5.8,701.2,3.7,10.0,635.4,52.1,3.7,10.0,635.4000000000001,52.099999999999994,198.0,0.8,78.36438585031449,90.61608670849972,Low
MADHYA PRADESH,ASHOKNAGAR(GNA,7.2,6.5,3.0,0.7,1.8,71.2,315.6,314.0,164.3,25.1,5.5,11.8,926.7,13.7,5.5,865.1,42.4,13.7,5.5,865.0999999999999,42.400000000000006,315.6,0.7,120.4556510240859,93.35275709506851,Moderate
MADHYA PRADESH,BURHANPUR,4.2,2.9,6.7,2.1,16.2,158.9,223.9,251.8,149.6,45.7,16.2,10.9,889.1,7.1,25.0,784.2,72.8,7.1,25.0,784.2,72.80000000000001,251.8,2.1,94.4344164759412,88.2015521313688,Low
MADHYA PRADESH,ALIRAJPUR(JBA),3.9,2.2,1.7,1.7,8.3,113.9,270.8,257.0,157.3,30.8,11.0,5.0,863.6,6.1,11.7,799.0,46.8,6.1,11.700000000000001,799.0,46.8,270.8,1.7,102.75172489888902,92.51968503937007,Low
MADHYA PRADESH,BALAGHAT,20.9,15.3,15.1,7.1,6.7,184.5,475.3,451.9,222.9,56.4,8.2,17.3,1481.6,36.2,28.9,1334.6,81.9,36.2,28.9,1334.6,81.89999999999999,475.3,6.7,174.63256144016074,90.07829373650108,High
MADHYA PRADESH,CHHATARPUR,17.6,12.6,6.0,3.1,5.3,95.0,317.3,369.6,203.1,34.2,9.2,8.4,1081.4,30.2,14.4,985.0,51.8,30.200000000000003,14.399999999999999,985.0000000000001,51.800000000000004,369.6,3.1,132.1063471968587,91.08562973922693,Moderate
MADHYA PRADESH,CHHINDWARA,17.5,14.7,17.3,8.0,8.8,146.8,283.6,278.0,174.4,43.5,16.2,12.8,1021.6,32.2,34.1,882.8,72.5,32.2,34.1,882.8000000000001,72.5,283.6,8.0,107.02079095656927,86.41346906812844,Moderate
MADHYA PRADESH,JABALPUR,18.2,11.4,11.4,3.7,7.6,124.6,355.1,411.1,199.5,32.9,7.9,9.0,1192.4,29.6,22.7,1090.3,49.8,29.6,22.700000000000003,1090.3000000000002,49.8,411.1,3.7,145.79819386169822,91.43743710164375,Moderate
MADHYA PRADESH,MANDLA,24.7,22.6,22.8,9.6,7.5,157.4,432.2,442.5,213.7,40.4,9.0,14.6,1397.0,47.3,39.9,1245.8,64.0,47.3,39.9,1245.8,64.0,442.5,7.5,163.52005066565067,89.17680744452397,High
MADHYA PRADESH,NARSINGHPUR,10.8,10.6,5.8,2.0,6.0,113.1,353.7,383.0,217.3,30.0,7.9,6.2,1146.4,21.4,13.8,1067.1,44.1,21.4,13.8,1067.1,44.1,383.0,2.0,142.56981277658855,93.08269364968595,Moderate
MADHYA PRADESH,PANNA,22.5,14.8,8.7,2.5,4.1,111.8,358.7,391.4,210.2,31.4,7.8,7.8,1171.7,37.3,15.3,1072.1,47.0,37.3,15.299999999999999,1072.1,46.99999999999999,391.4,2.5,143.35837774506575,91.49953059656907,Moderate
MADHYA PRADESH,REWA,18.0,13.9,10.4,3.0,4.7,121.4,307.0,326.7,216.6,31.4,8.8,6.6,1068.5,31.9,18.1,971.7,46.8,31.9,18.1,971.6999999999999,46.800000000000004,326.7,3.0,124.0446434176263,90.94057089377631,Moderate
MADHYA PRADESH,SAGAR,17.8,12.2,10.0,2.3,6.9,127.7,352.6,410.0,197.8,33.3,11.5,10.1,1192.2,30.0,19.2,1088.1,54.9,30.0,19.200000000000003,1088.1,54.9,410.0,2.3,145.03151695094041,91.26824358329138,Moderate
MADHYA PRADESH,SATNA,23.1,15.7,9.5,3.8,4.6,120.7,305.7,333.0,193.8,32.1,8.6,5.5,1056.1,38.8,17.9,953.2,46.2,38.8,17.9,953.2,46.2,333.0,3.8,122.68340228804261,90.25660448821135,Moderate
MADHYA PRADESH,SEONI,18.4,18.7,22.7,9.6,9.8,163.6,357.9,324.1,192.8,44.4,15.9,13.9,1191.8,37.1,42.1,1038.4,74.2,37.099999999999994,42.099999999999994,1038.4,74.2,357.9,9.6,128.81047976375874,87.12871287128714,Moderate
MADHYA PRADESH,SHAHDOL,23.5,19.1,13.1,5.0,7.7,122.6,313.8,364.2,194.1,31.5,6.2,9.1,1109.9,42.6,25.8,994.7,46.8,42.6,25.8,994.6999999999999,46.800000000000004,364.2,5.0,129.13967391467222,89.62068654833767,Moderate
MADHYA PRADESH,SIDHI,20.7,14.7,11.6,3.4,9.4,129.1,323.3,332.6,231.4,35.5,8.0,7.3,1127.0,35.4,24.4,1016.4,50.8,35.4,24.4,1016.4,50.8,332.6,3.4,128.54816453789064,90.1863354037267,Moderate
MADHYA PRADESH,TIKAMGARH,20.1,7.1,4.5,1.8,4.9,82.8,281.9,332.8,155.7,29.4,7.4,10.1,938.5,27.2,11.2,853.2,46.9,27.200000000000003,11.2,853.2,46.9,332.8,1.8,116.55911850241752,90.91102823654768,Moderate
MADHYA PRADESH,KATNI,19.9,13.7,9.1,2.2,3.3,112.2,354.4,391.1,193.6,30.9,5.0,5.7,1141.1,33.6,14.6,1051.3,41.6,33.599999999999994,14.600000000000001,1051.3,41.6,391.1,2.2,142.00313990339876,92.13040049075454,Moderate
MADHYA PRADESH,DINDORI,19.6,19.4,13.8,5.0,9.1,196.9,413.3,403.4,192.3,37.2,10.1,16.6,1336.7,39.0,27.9,1205.9,63.9,39.0,27.9,1205.9,63.900000000000006,413.3,5.0,154.69039141772737,90.21470786264683,Moderate
MADHYA PRADESH,UMARIA,26.7,21.5,16.2,7.4,7.9,124.9,339.8,415.2,214.0,38.7,9.7,13.7,1235.7,48.2,31.5,1093.9,62.1,48.2,31.5,1093.9,62.10000000000001,415.2,7.4,143.12712165954244,88.52472282916565,Moderate
MADHYA PRADESH,DAMOH,20.2,16.5,10.9,5.6,5.3,121.6,360.3,399.1,190.0,32.6,9.2,9.3,1180.6,36.7,21.8,1071.0,51.1,36.7,21.8,1071.0,51.099999999999994,399.1,5.3,143.31292419884622,90.71658478739624,Moderate
MADHYA PRADESH,ANUPPUR(SHAHD,29.5,24.8,20.5,14.7,19.9,177.6,386.3,387.2,223.7,47.0,8.1,15.2,1354.5,54.3,55.1,1174.8,70.3,54.3,55.1,1174.8,70.3,387.2,8.1,145.49885425978135,86.73311184939092,High
MADHYA PRADESH,SINGRAULI,10.4,12.6,7.8,3.4,4.8,112.1,262.3,272.8,185.1,38.2,4.4,7.3,921.2,23.0,16.0,832.3,49.9,23.0,16.0,832.3000000000001,49.9,272.8,3.4,104.97893583808597,90.34954407294833,Moderate
GUJARAT,AHMEDABAD,0.8,0.3,0.5,0.7,5.9,91.0,215.4,190.8,105.4,19.1,8.2,1.8,639.9,1.1,7.1,602.6,29.1,1.1,7.1000000000000005,602.6,29.1,215.4,0.3,78.9366043100411,94.17096421315831,Low
GUJARAT,BANASKANTHA,1.4,1.3,2.4,0.9,3.7,63.4,220.0,181.5,98.6,16.7,7.4,1.1,598.4,2.7,7.0,563.5,25.2,2.7,7.0,563.5,25.200000000000003,220.0,0.9,77.22595340161155,94.1677807486631,Low
GUJARAT,BARODA,1.2,0.0,0.5,0.8,4.6,138.8,332.5,306.3,165.2,25.9,14.0,2.4,992.2,1.2,5.9,942.8,42.3,1.2,5.8999999999999995,942.8,42.3,332.5,0.0,124.23953281927423,95.02116508768393,Moderate
GUJARAT,BHARUCH,0.3,0.1,0.8,0.1,4.9,135.4,283.2,221.2,146.4,22.9,8.3,1.3,824.9,0.4,5.8,786.2,32.5,0.4,5.800000000000001,786.1999999999999,32.5,283.2,0.1,101.27036233705687,95.30852224512061,Low
GUJARAT,VALSAD,0.7,0.1,0.5,0.0,6.3,350.5,771.8,522.1,306.9,48.0,13.8,1.0,2021.7,0.8,6.8,1951.3,62.8,0.7999999999999999,6.8,1951.3000000000002,62.8,771.8,0.0,260.634101323536,96.51778206459912,High
GUJARAT,DANGS,1.5,1.0,1.4,3.4,12.5,258.6,749.8,588.6,364.7,66.0,13.1,2.4,2063.0,2.5,17.3,1961.7,81.5,2.5,17.3,1961.7,81.5,749.8,1.0,262.6044998345103,95.08967523024722,High
GUJARAT,KHEDA,1.2,0.4,1.3,0.4,4.5,110.3,291.0,259.8,150.5,18.0,11.3,1.4,850.1,1.6,6.2,811.6,30.7,1.6,6.2,811.6,30.7,291.0,0.4,107.55473412794686,95.47112104458299,Low
GUJARAT,MEHSANA,1.3,0.6,1.0,1.0,5.7,73.9,248.2,208.0,125.6,18.4,7.0,2.0,692.7,1.9,7.7,655.7,27.4,1.9,7.7,655.7,27.4,248.2,0.6,88.70062134659895,94.65858235888552,Low
GUJARAT,PANCHMAHALS,1.0,0.1,0.7,0.3,6.0,114.5,311.5,322.6,163.5,25.2,12.1,1.8,959.3,1.1,7.0,912.1,39.1,1.1,7.0,912.1,39.099999999999994,322.6,0.1,122.50408125545216,95.07974564786824,Moderate
GUJARAT,SABARKANTHA,1.1,0.6,2.3,1.4,4.5,89.1,289.0,260.8,139.8,18.5,7.3,1.9,816.3,1.7,8.2,778.7,27.7,1.7000000000000002,8.2,778.7,27.7,289.0,0.6,106.13880384580459,95.39385030013476,Low
GUJARAT,SURAT,0.0,0.1,0.9,0.1,5.4,223.4,495.7,326.6,207.9,31.7,11.5,1.4,1304.7,0.1,6.4,1253.6,44.6,0.1,6.4,1253.6000000000001,44.6,495.7,0.0,166.46910783576743,96.08339081781253,Moderate
GUJARAT,GANDHINAGAR,0.9,0.6,0.7,0.4,6.8,72.3,280.6,223.3,139.4,18.5,6.6,2.6,752.7,1.5,7.9,715.6,27.7,1.5,7.9,715.6,27.700000000000003,280.6,0.4,98.38995814429624,95.07107745449714,Low
GUJARAT,NARMADA(BRC),0.5,0.0,1.1,0.2,6.0,164.4,405.2,348.6,181.6,26.4,8.1,1.6,1143.7,0.5,7.3,1099.8,36.1,0.5,7.3,1099.8,36.1,405.2,0.0,146.94260139952814,96.16158083413482,Moderate
GUJARAT,NAVSARI(VSD),0.6,0.1,0.8,0.0,7.2,305.3,728.9,484.8,284.3,42.1,10.8,1.5,1866.4,0.7,8.0,1803.3,54.4,0.7,8.0,1803.3,54.400000000000006,728.9,0.0,243.46318868039216,96.61915987998285,High
GUJARAT,ANAND(KHR),1.2,0.3,1.6,0.4,3.7,119.5,277.3,261.2,130.9,19.2,16.9,2.4,834.6,1.5,5.7,788.9,38.5,1.5,5.7,788.9,38.49999999999999,277.3,0.3,104.08358092505185,94.52432302899592,Low
GUJARAT,PATAN(MHSN),1.1,0.9,1.5,0.3,3.8,56.9,206.3,166.0,84.7,10.2,6.6,1.3,539.6,2.0,5.6,513.9,18.1,2.0,5.6,513.9,18.099999999999998,206.3,0.3,71.62494909829489,95.23721275018532,Low
GUJARAT,DAHOD(PNML),1.8,0.2,1.3,1.0,4.5,111.0,284.6,292.0,165.7,27.8,11.0,2.7,903.6,2.0,6.8,853.3,41.5,2.0,6.8,853.3,41.5,292.0,0.2,112.3812181007938,94.43337760070827,Low
GUJARAT,TAPI(SRT),0.0,0.0,0.8,0.1,8.1,234.8,574.5,442.7,232.9,28.0,11.0,3.1,1536.0,0.0,9.0,1484.9,42.1,0.0,9.0,1484.9,42.1,574.5,0.0,199.94996192229513,96.67317708333334,High
GUJARAT,AMRELI,0.6,0.2,1.4,0.2,3.2,104.8,190.8,126.2,96.4,25.4,16.6,1.5,567.3,0.8,4.8,518.2,43.5,0.8,4.8,518.2,43.5,190.8,0.2,65.17360208773879,91.34496738938834,Low
GUJARAT,BHAVNAGAR,0.5,0.3,1.2,0.1,2.9,115.5,178.8,140.0,103.4,22.2,12.4,1.0,578.3,0.8,4.2,537.7,35.6,0.8,4.2,537.7,35.6,178.8,0.1,66.32551213979475,92.97942244509771,Low
GUJARAT,JAMNAGAR,0.6,1.0,2.7,0.3,1.5,89.1,196.6,118.0,58.7,16.8,12.0,0.7,498.0,1.6,4.5,462.4,29.5,1.6,4.5,462.4,29.5,196.6,0.3,63.05176805249361,92.85140562248996,Low
GUJARAT,JUNAGADH,0.5,0.4,0.3,0.1,1.2,190.2,334.1,165.5,97.4,27.6,12.7,0.4,830.4,0.9,1.6,787.2,40.7,0.9,1.6,787.1999999999999,40.699999999999996,334.1,0.1,107.92983410952272,94.79768786127167,Low
GUJARAT,KUTCH,0.6,0.7,1.7,0.2,2.8,45.1,151.5,103.9,60.8,12.5,7.7,1.3,388.8,1.3,4.7,361.3,21.5,1.2999999999999998,4.699999999999999,361.3,21.5,151.5,0.2,49.64404203014606,92.9269547325103,Low
GUJARAT,RAJKOT,0.3,0.0,0.9,0.4,2.9,96.6,216.4,144.2,82.9,22.9,10.1,1.5,579.1,0.3,4.2,540.1,34.5,0.3,4.2,540.1,34.5,216.4,0.0,71.68003980230903,93.26541184596789,Low
GUJARAT,SURENDRANAGAR,0.2,0.0,0.1,0.3,4.7,99.7,168.8,148.1,83.2,17.5,11.3,0.7,534.6,0.2,5.1,499.8,29.5,0.2,5.1000000000000005,499.8,29.5,168.8,0.0,63.19494369877158,93.49046015712682,Low
GUJARAT,PORBANDAR,0.5,0.9,1.3,0.1,1.6,166.3,277.3,145.6,83.5,25.2,13.7,0.6,716.6,1.4,3.0,672.7,39.5,1.4,3.0,672.7,39.5,277.3,0.1,90.83353238788308,93.87384873011443,Low
DADAR NAGAR HAVELI,DNH,0.4,0.3,0.0,0.0,7.4,385.1,884.5,655.9,391.4,38.6,10.5,0.0,2374.1,0.7,7.4,2316.9,49.1,0.7,7.4,2316.9,49.1,884.5,0.0,308.3681903720507,97.59066593656544,High
DAMAN AND DUI,DAMAN,0.4,0.3,0.0,0.0,7.4,385.1,884.5,655.9,391.4,38.6,10.5,0.0,2374.1,0.7,7.4,2316.9,49.1,0.7,7.4,2316.9,49.1,884.5,0.0,308.3681903720507,97.59066593656544,High
DAMAN AND DUI,DIU,0.7,0.7,0.4,0.2,0.9,167.9,281.7,133.3,63.8,32.5,14.3,0.9,697.3,1.4,1.5,646.7,47.7,1.4,1.5,646.7,47.699999999999996,281.7,0.2,90.51832017817603,92.7434389789187,Low
MAHARASHTRA,MUMBAI CITY,1.0,1.0,0.4,1.0,18.0,539.0,785.4,508.7,309.3,77.1,12.3,4.3,2257.5,2.0,19.4,2142.4,93.7,2.0,19.4,2142.4,93.69999999999999,785.4,0.4,276.9255729515522,94.9014396456257,High
MAHARASHTRA,RAIGAD,0.2,0.2,0.1,1.8,20.3,656.8,1209.8,852.8,398.3,114.6,19.7,4.3,3278.9,0.4,22.2,3117.7,138.6,0.4,22.2,3117.7,138.6,1209.8,0.1,415.4883292493596,95.08371710024703,High
MAHARASHTRA,RATNAGIRI,0.1,0.0,0.1,3.5,31.7,829.9,1212.7,859.2,359.7,143.1,24.9,5.7,3470.6,0.1,35.3,3261.5,173.7,0.1,35.3,3261.5,173.7,1212.7,0.0,431.2113947586462,93.97510516913502,High
MAHARASHTRA,THANE,0.2,0.3,0.3,0.7,13.9,436.4,973.7,677.8,340.4,84.5,12.4,1.5,2542.1,0.5,14.9,2428.3,98.4,0.5,14.9,2428.2999999999997,98.4,973.7,0.2,327.91200720573954,95.52338617678296,High
MAHARASHTRA,SINDHUDURG,0.3,0.1,0.4,4.3,58.9,909.5,1100.0,706.9,305.4,142.9,30.5,10.0,3269.2,0.4,63.6,3021.8,183.4,0.4,63.6,3021.8,183.4,1100.0,0.1,400.5072450447474,92.43239936375873,High
MAHARASHTRA,MUMBAI SUB,1.0,1.0,0.4,1.0,18.0,539.0,785.4,508.7,309.3,77.1,12.3,4.3,2257.5,2.0,19.4,2142.4,93.7,2.0,19.4,2142.4,93.69999999999999,785.4,0.4,276.9255729515522,94.9014396456257,High
GOA,NORTH GOA,0.4,0.0,0.7,9.0,94.3,949.8,1182.6,730.2,292.3,165.7,35.1,11.3,3471.4,0.4,104.0,3154.9,212.1,0.4,104.0,3154.8999999999996,212.1,1182.6,0.0,421.34700627507686,90.88264100939101,High
GOA,SOUTH GOA,0.7,0.1,0.4,6.6,81.2,866.4,1033.6,637.4,269.5,145.7,34.9,9.1,3085.6,0.8,88.2,2806.9,189.7,0.7999999999999999,88.2,2806.9,189.7,1033.6,0.1,373.39271145765144,90.9677210267047,High
MAHARASHTRA,AHMEDNAGAR,0.6,1.3,3.0,5.3,21.6,104.9,101.8,91.8,139.1,73.8,22.5,7.5,573.2,1.9,29.9,437.6,103.8,1.9,29.900000000000002,437.6,103.8,139.1,0.6,50.70241761016088,76.34333565945568,Low
MAHARASHTRA,DHULE,2.5,1.0,3.2,1.6,10.3,117.5,168.9,131.4,105.7,43.5,16.7,4.9,607.2,3.5,15.1,523.5,65.1,3.5,15.100000000000001,523.5,65.10000000000001,168.9,1.0,62.06219754114709,86.21541501976284,Low
MAHARASHTRA,JALGAON,3.3,2.4,4.3,1.4,7.5,132.1,191.0,195.6,123.1,46.1,17.1,7.0,730.9,5.7,13.2,641.8,70.2,5.699999999999999,13.2,641.8000000000001,70.2,195.6,1.4,77.098785019708,87.80954987002328,Low
MAHARASHTRA,KOLHAPUR,1.0,0.8,4.6,25.9,60.2,351.5,723.7,477.2,185.2,125.0,30.4,7.3,1992.8,1.8,90.7,1737.6,162.7,1.8,90.7,1737.6000000000001,162.70000000000002,723.7,0.8,233.412484410727,87.19389803291851,High
MAHARASHTRA,NASHIK,1.2,0.5,1.0,4.7,15.1,154.9,315.0,259.0,183.3,68.0,22.3,4.6,1029.6,1.7,20.8,912.2,94.9,1.7,20.8,912.2,94.89999999999999,315.0,0.5,113.1991246352277,88.59751359751361,Moderate
MAHARASHTRA,PUNE,0.6,0.1,1.6,7.6,27.4,156.9,312.9,225.1,166.1,87.1,24.3,6.0,1015.7,0.7,36.6,861.0,117.4,0.7,36.599999999999994,861.0,117.39999999999999,312.9,0.1,106.1033155024199,84.76912474155755,Moderate
MAHARASHTRA,SANGLI,1.7,0.8,4.3,22.6,54.0,119.0,150.6,107.2,131.3,108.3,25.2,5.6,730.6,2.5,80.9,508.1,139.1,2.5,80.9,508.1,139.1,150.6,0.8,57.94636757512515,69.54557897618396,Low
MAHARASHTRA,SATARA,0.7,0.7,3.1,14.0,36.4,150.7,254.4,175.2,143.5,95.6,29.9,8.3,912.5,1.4,53.5,723.8,133.8,1.4,53.5,723.8,133.8,254.4,0.7,85.79199431111732,79.32054794520548,Low
MAHARASHTRA,SOLAPUR,2.7,1.5,3.4,9.2,29.8,102.7,99.8,101.6,170.1,94.5,24.6,6.6,646.5,4.2,42.4,474.2,125.7,4.2,42.4,474.20000000000005,125.69999999999999,170.1,1.5,56.81426077379453,73.34880123743234,Low
MAHARASHTRA,NANDURBAR,1.0,0.0,0.3,1.5,9.3,137.6,301.4,243.3,146.1,37.2,10.6,2.4,890.7,1.0,11.1,828.4,50.2,1.0,11.100000000000001,828.4,50.2,301.4,0.0,106.93898111455046,93.00550129111934,Low
MAHARASHTRA,AURANGABAD,2.5,1.6,3.1,2.8,17.1,130.4,156.3,157.9,149.6,59.2,25.0,10.7,716.2,4.1,23.0,594.2,94.9,4.1,23.0,594.2,94.9,157.9,1.6,67.79917984665293,82.96565205249931,Low
MAHARASHTRA,BEED,2.5,2.0,3.8,7.0,19.7,128.3,136.2,137.0,167.9,71.3,22.6,10.1,708.4,4.5,30.5,569.4,104.0,4.5,30.5,569.4,104.0,167.9,2.0,64.88434932923954,80.37831733483908,Low
MAHARASHTRA,NANDED,4.9,4.5,8.4,8.8,15.9,155.2,247.1,242.6,171.5,79.9,16.2,6.1,961.1,9.4,33.1,816.4,102.2,9.4,33.1,816.4,102.2,247.1,4.5,97.03096467654336,84.94433461658517,Moderate
MAHARASHTRA,OSMANABAD,3.4,2.6,3.9,7.5,26.3,132.1,154.2,154.2,182.9,85.3,22.3,4.6,779.3,6.0,37.7,623.4,112.2,6.0,37.7,623.4,112.19999999999999,182.9,2.6,71.6208890088935,79.99486718850251,Low
MAHARASHTRA,PARBHANI,5.8,2.9,7.9,7.5,14.4,154.6,215.3,219.9,167.4,74.4,16.9,10.0,897.0,8.7,29.8,757.2,101.3,8.7,29.8,757.1999999999999,101.30000000000001,219.9,2.9,88.35481671286313,84.41471571906354,Low
MAHARASHTRA,LATUR,4.4,3.6,7.8,11.5,21.1,144.8,217.9,220.4,169.4,81.0,22.4,5.7,910.0,8.0,40.4,752.5,109.1,8.0,40.400000000000006,752.5,109.10000000000001,220.4,3.6,87.634315957468,82.6923076923077,Low
MAHARASHTRA,JALNA,3.2,2.0,4.5,2.7,17.5,139.3,165.0,159.9,142.2,61.2,24.1,8.1,729.7,5.2,24.7,606.4,93.4,5.2,24.7,606.4000000000001,93.4,165.0,2.0,69.27310193368817,83.10264492257092,Low
MAHARASHTRA,HINGOLI,5.0,4.8,7.2,6.1,13.4,185.2,243.3,255.7,164.9,66.2,18.2,9.4,979.4,9.8,26.7,849.1,93.8,9.8,26.700000000000003,849.1,93.80000000000001,255.7,4.8,100.56737075516124,86.69593628752298,Moderate
MAHARASHTRA,AKOLA,8.6,5.3,8.8,4.4,9.7,142.9,226.3,204.3,128.8,52.8,16.7,6.8,815.4,13.9,22.9,702.3,76.3,13.899999999999999,22.9,702.3,76.3,226.3,4.4,84.18567682104946,86.12950699043414,Low
MAHARASHTRA,AMRAVATI,10.1,6.3,7.8,3.7,6.4,137.2,254.2,243.8,151.4,53.0,15.2,8.3,897.4,16.4,17.9,786.6,76.5,16.4,17.9,786.6,76.5,254.2,3.7,96.32210954852883,87.65322041453088,Low
MAHARASHTRA,BHANDARA,15.9,13.2,17.7,10.2,11.4,168.0,376.4,391.2,201.6,61.8,13.4,11.9,1292.7,29.1,39.3,1137.2,87.1,29.1,39.3,1137.1999999999998,87.10000000000001,391.2,10.2,144.42349421689735,87.97091359170727,Moderate
MAHARASHTRA,BULDHANA,4.6,3.0,6.1,2.9,8.0,139.7,191.5,195.3,120.1,52.7,16.0,7.0,746.9,7.6,17.0,646.6,75.7,7.6,17.0,646.6,75.7,195.3,2.9,77.15875556672788,86.57116079796494,Low
MAHARASHTRA,CHANDRAPUR,11.4,8.9,14.6,10.8,11.6,180.6,374.0,374.1,203.1,65.1,9.9,7.9,1272.0,20.3,37.0,1131.8,82.9,20.3,37.0,1131.8,82.9,374.1,7.9,142.67978770022688,88.97798742138365,Moderate
MAHARASHTRA,NAGPUR,13.7,10.9,15.9,9.7,11.0,158.0,308.9,280.6,176.4,56.9,14.3,12.1,1068.4,24.6,36.6,923.9,83.3,24.6,36.6,923.9,83.3,308.9,9.7,112.60398292110706,86.47510295769374,Moderate
MAHARASHTRA,YAVATMAL,8.6,4.6,11.0,7.7,11.9,173.6,267.1,262.8,151.5,61.9,13.2,8.9,982.8,13.2,30.6,855.0,84.0,13.2,30.6,855.0,84.0,267.1,4.6,103.3556173430532,86.99633699633699,Moderate
MAHARASHTRA,WARDHA,11.2,9.2,13.1,8.5,15.9,169.7,273.6,273.2,163.8,57.9,15.1,15.8,1027.0,20.4,37.5,880.3,88.8,20.4,37.5,880.3,88.8,273.6,8.5,105.21253669971027,85.71567672833496,Moderate
MAHARASHTRA,GADCHIROLI,9.6,7.6,14.0,12.2,17.0,209.2,454.0,441.4,198.4,68.8,11.2,6.4,1449.8,17.2,43.2,1303.0,86.4,17.2,43.2,1303.0,86.4,454.0,6.4,169.11554862838247,89.87446544350945,High
MAHARASHTRA,WASHIM,9.0,5.7,7.5,4.9,8.3,173.0,245.4,250.4,156.8,61.0,11.5,7.4,940.9,14.7,20.7,825.6,79.9,14.7,20.700000000000003,825.5999999999999,79.9,250.4,4.9,99.0100128851378,87.74577532150069,Moderate
MAHARASHTRA,GONDIA,15.2,11.2,16.3,9.1,8.4,174.1,418.1,424.3,212.3,58.9,10.7,12.1,1370.7,26.4,33.8,1228.8,81.7,26.4,33.8,1228.8,81.69999999999999,424.3,8.4,159.0190504596569,89.64762530094112,High
CHATISGARH,BASTAR,8.2,8.6,16.2,36.7,38.6,203.8,350.9,373.9,225.6,81.4,12.4,6.3,1362.6,16.8,91.5,1154.2,100.1,16.799999999999997,91.5,1154.2,100.10000000000001,373.9,6.3,138.3994515228228,84.70570967268458,High
CHATISGARH,BILASPUR,17.4,17.2,17.9,15.0,18.1,171.1,357.9,336.3,202.5,54.8,9.4,11.4,1229.0,34.6,51.0,1067.8,75.6,34.599999999999994,51.0,1067.8,75.60000000000001,357.9,9.4,131.52754867557618,86.88364524003255,Moderate
CHATISGARH,DURG,6.4,5.7,12.3,7.0,9.3,173.0,325.6,320.7,198.7,56.5,4.7,3.0,1122.9,12.1,28.6,1018.0,64.2,12.100000000000001,28.6,1018.0,64.2,325.6,3.0,126.77207267017019,90.6581173746549,Moderate
CHATISGARH,RAIGARH,11.0,12.8,11.6,11.4,18.3,179.8,373.2,356.9,233.6,49.5,6.6,5.2,1269.9,23.8,41.3,1143.5,61.3,23.8,41.3,1143.5,61.300000000000004,373.2,5.2,142.24523717861345,90.04646035120875,Moderate
CHATISGARH,RAIPUR,6.5,8.5,12.3,9.2,16.5,170.3,352.9,327.1,196.7,52.6,7.4,4.6,1164.6,15.0,38.0,1047.0,64.6,15.0,38.0,1047.0,64.6,352.9,4.6,131.31043370577981,89.90211231324061,Moderate
CHATISGARH,SURGUJA,18.7,15.1,13.6,8.5,14.5,198.5,393.7,379.2,223.7,50.7,9.2,6.5,1331.9,33.8,36.6,1195.1,66.4,33.8,36.6,1195.1000000000001,66.4,393.7,6.5,148.98108762422487,89.72895863052783,Moderate
CHATISGARH,RAJNANDGAON,9.0,9.2,12.6,7.8,15.5,169.3,351.6,341.1,214.6,60.9,8.4,9.3,1209.3,18.2,35.9,1076.6,78.6,18.2,35.9,1076.6000000000001,78.6,351.6,7.8,133.93063418324903,89.02670966674937,Moderate
CHATISGARH,DANTEWADA,2.6,0.8,4.5,14.7,21.9,180.5,407.9,381.0,208.7,93.2,10.8,1.3,1327.9,3.4,41.1,1178.1,105.3,3.4000000000000004,41.099999999999994,1178.1,105.3,407.9,0.8,150.83527112433458,88.71903004744331,Moderate
CHATISGARH,KANKER (NORH,7.9,11.1,14.8,18.1,19.9,191.7,392.5,423.4,229.1,73.7,8.3,4.7,1395.2,19.0,52.8,1236.7,86.7,19.0,52.800000000000004,1236.7,86.7,423.4,4.7,155.79567232484834,88.63962155963303,High
CHATISGARH,JANJGIR-CHAMP,13.1,12.1,14.2,7.0,11.3,167.6,394.1,417.2,223.0,44.1,5.2,6.9,1315.8,25.2,32.5,1201.9,56.2,25.2,32.5,1201.9,56.2,417.2,5.2,155.39619452459985,91.343669250646,Moderate
CHATISGARH,KORBA,17.2,15.4,15.8,12.4,12.2,183.2,409.8,434.7,215.8,47.1,14.2,7.7,1385.5,32.6,40.4,1243.5,69.0,32.6,40.400000000000006,1243.5,69.0,434.7,7.7,159.72392920475647,89.75099242150849,High
CHATISGARH,JASHPUR,19.6,21.2,13.8,17.9,31.6,245.2,428.6,417.4,257.4,75.5,9.0,7.2,1544.4,40.8,63.3,1348.6,91.7,40.8,63.3,1348.6,91.7,428.6,7.2,163.40422271165454,87.32193732193731,High
CHATISGARH,DHAMTARI,3.9,9.0,11.4,11.3,17.2,157.9,357.8,326.6,208.3,57.8,4.2,3.2,1168.6,12.9,39.9,1050.6,65.2,12.9,39.900000000000006,1050.6000000000001,65.2,357.8,3.2,132.53677248449225,89.90244737292488,Moderate
CHATISGARH,MAHASAMUND,3.7,7.8,12.2,5.6,10.4,171.8,332.4,339.9,199.9,49.8,5.3,2.5,1141.3,11.5,28.2,1044.0,57.6,11.5,28.199999999999996,1044.0,57.599999999999994,339.9,2.5,131.36595282114027,91.47463418908262,Moderate
CHATISGARH,KORIYA,15.9,7.2,9.8,4.3,5.8,159.7,389.1,382.8,207.3,29.2,6.4,5.9,1223.4,23.1,19.9,1138.9,41.5,23.1,19.900000000000002,1138.8999999999999,41.5,389.1,4.3,148.65078968080618,93.0930194539807,Moderate
CHATISGARH,KOWARDHA (KAB,12.6,13.9,14.0,7.6,16.7,141.9,281.2,286.1,173.7,58.9,11.1,11.6,1029.3,26.5,38.3,882.9,81.6,26.5,38.3,882.9000000000001,81.6,286.1,7.6,107.68529168579406,85.77674147478871,Moderate
CHATISGARH,NARAYANPUR,6.9,8.7,14.7,22.7,24.5,189.3,399.9,425.7,212.5,84.7,10.9,4.0,1404.5,15.6,61.9,1227.4,99.6,15.6,61.9,1227.4,99.60000000000001,425.7,4.0,155.65405965755852,87.39053043787825,High
CHATISGARH,BIJAPUR,6.2,4.2,11.9,18.9,12.4,195.9,458.2,486.1,228.9,92.8,9.4,3.3,1528.2,10.4,43.2,1369.1,105.5,10.4,43.199999999999996,1369.1000000000001,105.5,486.1,3.3,178.8386652315941,89.589059023688,High
ANDHRA PRADESH,EAST GODAVARI,6.0,10.1,11.3,22.8,75.3,131.9,206.4,188.4,177.2,199.0,69.8,7.8,1106.0,16.1,109.4,703.9,276.6,16.1,109.4,703.9000000000001,276.6,206.4,6.0,83.09148663680986,63.64376130198915,Moderate
ANDHRA PRADESH,WEST GODAVARI,6.1,10.7,8.7,19.0,55.8,135.8,240.2,227.8,180.1,197.8,66.7,11.7,1160.4,16.8,83.5,783.9,276.2,16.799999999999997,83.5,783.9,276.2,240.2,6.1,93.25843856529212,67.55429162357807,Moderate
ANDHRA PRADESH,GUNTUR,5.5,7.7,7.7,15.0,58.4,90.2,147.3,155.4,150.1,143.9,75.8,14.5,871.5,13.2,81.1,543.0,234.2,13.2,81.1,543.0,234.2,155.4,5.5,63.00598997497994,62.306368330464714,Low
ANDHRA PRADESH,KRISHNA,4.6,6.3,8.7,16.9,46.8,120.9,216.6,194.2,169.7,164.2,66.1,12.1,1027.1,10.9,72.4,701.4,242.4,10.899999999999999,72.39999999999999,701.4000000000001,242.39999999999998,216.6,4.6,82.14319490802005,68.28935838769353,Moderate
ANDHRA PRADESH,NELLORE,15.7,11.6,6.0,15.2,51.4,53.4,91.2,95.0,112.8,248.2,283.9,107.2,1091.6,27.3,72.6,352.4,639.3,27.299999999999997,72.6,352.4,639.3,283.9,6.0,90.75589971640044,32.28288750458043,Moderate
ANDHRA PRADESH,PRAKASAM,7.9,8.8,10.5,14.9,52.3,64.3,99.3,95.9,123.0,181.9,115.0,32.1,805.9,16.7,77.7,382.5,329.0,16.700000000000003,77.69999999999999,382.5,329.0,181.9,7.9,56.20442328651453,47.46246432559872,Low
ANDHRA PRADESH,SRIKAKULAM,7.9,18.1,17.2,26.3,63.9,145.0,190.2,202.4,208.1,211.4,69.8,4.9,1165.2,26.0,107.4,745.7,286.1,26.0,107.4,745.7,286.09999999999997,211.4,4.9,87.06228700293725,63.99759697905939,Moderate
ANDHRA PRADESH,VISAKHAPATNAM,8.8,10.8,17.6,44.7,96.6,132.6,178.2,178.2,185.4,204.3,59.2,4.3,1120.7,19.6,158.9,674.4,267.8,19.6,158.9,674.4,267.8,204.3,4.3,78.56524165920764,60.17667529222807,Moderate
ANDHRA PRADESH,VIZIANAGARAM,8.7,14.4,17.7,32.3,90.7,140.7,181.5,194.8,209.1,188.1,56.3,6.1,1140.4,23.1,140.7,726.1,250.5,23.1,140.7,726.1,250.49999999999997,209.1,6.1,82.28951477815532,63.67064188004209,Moderate
ANDHRA PRADESH,ADILABAD,7.5,7.0,11.4,11.9,18.2,178.4,317.4,291.7,171.4,83.0,14.8,7.3,1120.0,14.5,41.5,958.9,105.1,14.5,41.5,958.9,105.1,317.4,7.0,116.91964088314,85.61607142857143,Moderate
ANDHRA PRADESH,HYDERABAD,5.9,7.4,14.6,20.4,33.8,110.7,176.8,190.5,165.5,95.6,23.7,6.4,851.3,13.3,68.8,643.5,125.7,13.3,68.8,643.5,125.7,190.5,5.9,72.86595985822602,75.59027369904851,Low
ANDHRA PRADESH,KARIMNAGAR,10.8,5.6,10.8,15.7,24.0,153.2,257.3,226.7,163.1,85.9,20.8,5.9,979.8,16.4,50.5,800.3,112.6,16.4,50.5,800.3000000000001,112.60000000000001,257.3,5.6,93.71171945726087,81.67993468054706,Moderate
ANDHRA PRADESH,KHAMMAM,4.5,7.1,10.6,23.8,52.6,150.3,282.8,256.4,170.9,106.9,24.5,4.5,1094.9,11.6,87.0,860.4,135.9,11.6,87.0,860.4,135.9,282.8,4.5,101.43404895733379,78.58251895150241,Moderate
ANDHRA PRADESH,MAHABUBNAGAR,1.8,2.9,5.6,16.6,34.1,91.1,161.6,158.2,148.8,85.4,21.2,3.8,731.1,4.7,56.3,559.7,110.4,4.7,56.300000000000004,559.7,110.4,161.6,1.8,64.86251368716897,76.55587470934209,Low
ANDHRA PRADESH,MEDAK,6.5,4.9,9.5,18.8,28.0,138.2,229.4,211.1,165.2,86.6,19.3,4.8,922.3,11.4,56.3,743.9,110.7,11.4,56.3,743.9000000000001,110.69999999999999,229.4,4.8,86.27674771901,80.65705301962487,Moderate
ANDHRA PRADESH,NALGONDA,4.1,4.3,9.2,15.1,28.7,103.2,154.7,147.2,149.6,105.8,32.0,6.6,760.5,8.4,53.0,554.7,144.4,8.399999999999999,53.0,554.6999999999999,144.4,154.7,4.1,63.1495213398688,72.93885601577908,Low
ANDHRA PRADESH,NIZAMABAD,7.9,4.4,8.8,12.3,24.5,161.3,289.4,296.5,172.9,91.3,17.1,5.5,1091.9,12.3,45.6,920.1,113.9,12.3,45.6,920.1,113.9,296.5,4.4,111.92205451955743,84.26595842110083,Moderate
ANDHRA PRADESH,WARANGAL,8.3,7.8,12.3,14.2,28.7,147.6,271.2,222.3,155.5,88.9,22.9,7.2,986.9,16.1,55.2,796.6,119.0,16.1,55.2,796.5999999999999,119.00000000000001,271.2,7.2,94.17307527133542,80.71739791265578,Moderate
ANDHRA PRADESH,RANGAREDDY,3.1,4.0,7.4,21.1,34.6,109.4,190.6,176.5,177.2,94.5,19.1,4.3,841.8,7.1,63.1,653.7,117.9,7.1,63.1,653.7,117.89999999999999,190.6,3.1,75.57827369386956,77.65502494654312,Low
ANDHRA PRADESH,ANANTAPUR,3.0,3.3,6.1,18.9,56.7,55.2,64.3,74.5,128.8,115.0,35.3,11.6,572.7,6.3,81.7,322.8,161.9,6.3,81.7,322.8,161.9,128.8,3.0,42.87822344097929,56.364588789942374,Low
ANDHRA PRADESH,CHITTOOR,7.7,7.6,10.1,25.6,67.2,66.8,100.1,110.2,140.0,167.2,137.3,58.4,898.2,15.3,102.9,417.1,362.9,15.3,102.9,417.09999999999997,362.9,167.2,7.6,56.08756951897144,46.437319082609655,Low
ANDHRA PRADESH,KUDDAPAH,1.9,2.4,4.7,17.3,47.6,69.8,101.1,108.6,124.6,137.3,77.2,24.4,716.9,4.3,69.6,404.1,238.9,4.3,69.6,404.1,238.9,137.3,1.9,50.07863740401115,56.367694239084955,Low
ANDHRA PRADESH,KURNOOL,1.2,1.9,5.7,18.3,51.7,80.5,115.8,124.3,139.6,105.6,28.4,6.6,679.6,3.1,75.7,460.2,140.6,3.0999999999999996,75.7,460.20000000000005,140.6,139.6,1.2,53.417163284222916,67.71630370806358,Low
TAMIL NADU,VELLORE,8.1,6.8,9.2,22.3,75.0,65.9,107.3,129.0,163.9,163.2,127.2,58.3,936.2,14.9,106.5,466.1,348.7,14.899999999999999,106.5,466.1,348.7,163.9,6.8,59.43128703627306,49.78637043366802,Moderate
TAMIL NADU,COIMBATORE,8.1,12.2,17.2,53.4,79.7,32.9,47.2,40.6,69.1,151.9,129.6,47.4,689.3,20.3,150.3,189.8,328.9,20.299999999999997,150.3,189.79999999999998,328.9,151.9,8.1,44.69019535206868,27.53518061801828,Low
TAMIL NADU,DHARMAPURI,8.0,10.2,15.9,41.7,102.8,53.6,77.9,99.3,162.6,180.5,103.3,46.3,902.1,18.2,160.4,393.4,330.1,18.2,160.4,393.4,330.1,180.5,8.0,56.847213492115706,43.60935594723423,Low
TAMIL NADU,KANYAKUMARI,18.4,22.0,42.5,104.3,141.5,186.1,112.5,76.7,102.1,226.3,208.6,61.5,1302.5,40.4,288.3,477.4,496.4,40.4,288.3,477.4,496.4,226.3,18.4,70.23252883145108,36.65259117082533,Moderate
TAMIL NADU,CHENNAI,22.1,14.6,3.0,12.0,43.5,64.1,108.6,147.9,118.5,266.5,367.8,155.6,1324.2,36.7,58.5,439.1,789.9,36.7,58.5,439.1,789.9,367.8,3.0,112.39185913579328,33.15964355837487,Moderate
TAMIL NADU,MADURAI,13.6,14.5,20.6,57.8,66.4,48.7,66.6,87.3,133.3,206.2,151.3,61.6,927.9,28.1,144.8,335.9,419.1,28.1,144.8,335.9,419.1,206.2,13.6,58.946526229672386,36.20002155404677,Moderate
TAMIL NADU,NILGIRIS,23.1,26.2,35.6,82.4,117.3,169.8,260.8,180.9,148.4,217.9,181.2,79.1,1522.7,49.3,235.3,759.9,478.2,49.3,235.3,759.9,478.20000000000005,260.8,23.1,78.61599950892872,49.90477441387009,High
TAMIL NADU,RAMANATHAPURA,33.0,18.3,23.5,53.0,39.0,16.9,30.1,44.2,58.1,182.4,187.2,122.1,807.8,51.3,115.5,149.3,491.7,51.3,115.5,149.3,491.70000000000005,187.2,16.9,61.54866268886659,18.48229759841545,Low
TAMIL NADU,SALEM,8.5,7.5,16.0,54.0,100.8,65.1,96.4,119.6,159.5,190.9,123.8,55.8,997.9,16.0,170.8,440.6,370.5,16.0,170.8,440.6,370.5,190.9,7.5,59.26497445346364,44.15272071349835,Moderate
TAMIL NADU,THANJAVUR,26.9,15.4,17.3,30.5,54.3,39.8,65.0,101.8,111.8,183.8,219.2,147.3,1013.1,42.3,102.1,318.4,550.3,42.3,102.1,318.4,550.3,219.2,15.4,68.62793130020351,31.42828940874543,Moderate
TAMIL NADU,TIRUCHIRAPPAL,13.6,9.1,11.8,38.4,59.7,31.5,53.2,73.8,135.4,173.2,139.9,78.4,818.0,22.7,109.9,293.9,391.5,22.7,109.9,293.9,391.5,173.2,9.1,54.775763275597015,35.92909535452323,Low
TAMIL NADU,TIRUNELVELI,35.4,33.9,48.1,70.4,47.7,37.9,39.5,26.8,38.2,157.5,210.1,99.6,845.1,69.3,166.2,142.4,467.2,69.3,166.2,142.4,467.20000000000005,210.1,26.8,57.58300135851331,16.850076913974675,Low
TAMIL NADU,ERODE,6.6,9.5,16.8,44.5,81.1,27.5,38.9,57.6,105.8,158.9,110.5,45.2,702.9,16.1,142.4,229.8,314.6,16.1,142.39999999999998,229.8,314.59999999999997,158.9,6.6,46.792095777735014,32.693128467776354,Low
TAMIL NADU,PUDUKKOTTAI,23.2,9.9,13.5,34.2,49.8,44.6,79.3,109.0,117.7,158.0,147.1,101.1,887.4,33.1,97.5,350.6,406.2,33.1,97.5,350.6,406.20000000000005,158.0,9.9,51.94447210067864,39.50867703403201,Low
TAMIL NADU,DINDIGUL,19.0,11.9,22.4,62.6,83.0,41.2,55.9,70.5,127.8,188.1,159.0,89.3,930.7,30.9,168.0,295.4,436.4,30.9,168.0,295.4,436.40000000000003,188.1,11.9,55.91473148437447,31.739550875684962,Moderate
TAMIL NADU,VIRUDHUNAGAR,18.8,24.0,28.8,67.5,65.2,22.1,35.8,51.4,87.5,180.7,172.7,65.6,820.1,42.8,161.5,196.8,419.0,42.8,161.5,196.8,419.0,180.7,18.8,55.07727560327206,23.997073527618586,Low
TAMIL NADU,SIVAGANGA,15.6,12.3,17.5,46.1,57.6,41.9,72.0,88.2,98.9,187.1,148.5,87.1,872.8,27.9,121.2,301.0,422.7,27.9,121.2,301.0,422.70000000000005,187.1,12.3,53.77338532858955,34.48670944087993,Low
TAMIL NADU,THOOTHUKUDI,24.6,18.2,29.1,51.5,31.0,7.1,15.9,15.8,36.1,151.3,185.4,90.3,656.3,42.8,111.6,74.9,427.0,42.8,111.6,74.9,427.00000000000006,185.4,7.1,57.82208540519843,11.41246381228097,Low
TAMIL NADU,TIRUVANNAMALA,14.7,11.8,11.4,19.3,68.2,62.4,96.0,142.3,167.4,194.2,170.2,82.1,1040.0,26.5,98.9,468.1,446.5,26.5,98.9,468.1,446.5,194.2,11.4,67.54095502775043,45.00961538461539,Moderate
TAMIL NADU,NAGAPATTINAM,62.6,23.1,18.5,24.0,38.0,36.8,59.9,93.0,96.4,241.2,411.7,288.1,1393.3,85.7,80.5,286.1,941.0,85.7,80.5,286.1,941.0,411.7,18.5,127.42235752398281,20.533984066604464,High
TAMIL NADU,VILUPPURAM,18.5,9.7,9.3,16.3,50.4,48.9,83.9,130.2,145.3,186.5,195.1,117.5,1011.6,28.2,76.0,408.3,499.1,28.2,76.0,408.3,499.1,195.1,9.3,68.88584760311801,40.36180308422301,Moderate
TAMIL NADU,CUDDALORE,27.9,16.2,14.6,17.0,50.1,47.3,75.1,129.2,131.5,220.2,295.3,182.3,1206.7,44.1,81.7,383.1,697.8,44.099999999999994,81.7,383.09999999999997,697.8,295.3,14.6,92.19292477618811,31.747741775089082,Moderate
TAMIL NADU,KANCHIPURAM,17.3,11.8,3.3,16.4,46.3,68.4,109.5,164.1,148.8,225.8,283.0,133.0,1227.7,29.1,66.0,490.8,641.8,29.1,66.0,490.8,641.8,283.0,3.3,91.33396717873401,39.97719312535636,Moderate
TAMIL NADU,TIRUVALLUR,18.0,13.5,5.1,13.7,48.4,68.6,110.3,135.4,137.3,211.0,261.3,117.0,1139.6,31.5,67.2,451.6,589.3,31.5,67.19999999999999,451.59999999999997,589.3,261.3,5.1,82.78267641935429,39.62793962793963,Moderate
TAMIL NADU,THENI,16.0,19.4,35.4,73.4,59.5,22.0,32.6,33.3,70.5,167.7,139.0,51.2,720.0,35.4,168.3,158.4,357.9,35.4,168.3,158.4,357.9,167.7,16.0,47.96301605498667,22.0,Low
TAMIL NADU,NAMAKKAL,6.5,7.4,12.7,44.1,91.8,44.0,68.0,97.4,129.9,156.8,98.8,36.0,793.4,13.9,148.6,339.3,291.6,13.9,148.6,339.3,291.6,156.8,6.5,49.30225577235208,42.76531383917318,Low
TAMIL NADU,KARUR,9.7,7.8,10.4,38.0,60.8,19.8,35.7,51.8,106.3,144.6,119.1,51.0,655.0,17.5,109.2,213.6,314.7,17.5,109.19999999999999,213.6,314.7,144.6,7.8,45.7225592486075,32.61068702290076,Low
TAMIL NADU,PERAMBALUR,13.1,8.3,12.7,30.8,65.4,32.6,50.3,81.9,125.9,191.0,155.0,94.9,861.9,21.4,108.9,290.7,440.9,21.4,108.9,290.70000000000005,440.9,191.0,8.3,59.83682546574627,33.72781065088758,Low
TAMIL NADU,TIRUVARUR,40.9,19.2,17.2,33.7,46.8,33.4,64.0,94.0,105.0,200.3,304.0,214.8,1173.3,60.1,97.7,296.4,719.1,60.099999999999994,97.7,296.4,719.1,304.0,17.2,92.7810239709118,25.2620813091281,Moderate
TAMIL NADU,KRISHNAGIRI,4.9,5.8,12.3,39.9,99.4,55.9,75.4,96.4,171.3,176.9,77.9,34.6,850.7,10.7,151.6,399.0,289.4,10.7,151.60000000000002,399.0,289.40000000000003,176.9,4.9,58.293590140899305,46.9025508404843,Low
TAMIL NADU,ARIYALUR,21.2,11.3,13.1,21.9,66.8,51.5,72.7,129.2,138.6,193.4,205.2,146.9,1071.8,32.5,101.8,392.0,545.5,32.5,101.8,392.0,545.5,205.2,11.3,70.64079214697068,36.573987684269454,Moderate
TAMIL NADU,TIRUPUR,7.1,6.9,13.4,48.0,73.7,22.0,27.1,31.7,74.0,147.7,120.0,46.6,618.2,14.0,135.1,154.8,314.3,14.0,135.1,154.8,314.3,147.7,6.9,44.976576395301855,25.040439987059205,Low
PONDICHERRY,PONDICHERRY,17.9,19.6,16.6,10.7,43.6,46.9,84.3,127.8,126.0,270.7,368.5,203.9,1336.5,37.5,70.9,385.0,843.1,37.5,70.9,385.0,843.1,368.5,10.7,115.32711677500812,28.80658436213992,Moderate
PONDICHERRY,KARAIKAL,53.3,42.9,17.1,17.0,32.5,50.0,59.2,82.3,101.6,275.7,475.1,297.7,1504.4,96.2,66.6,293.1,1048.5,96.19999999999999,66.6,293.1,1048.5,475.1,17.0,144.96821804252215,19.48285030576974,High
PONDICHERRY,MAHE,17.9,19.6,16.6,10.7,43.6,46.9,84.3,127.8,126.0,270.7,368.5,203.9,1336.5,37.5,70.9,385.0,843.1,37.5,70.9,385.0,843.1,368.5,10.7,115.32711677500812,28.80658436213992,Moderate
PONDICHERRY,YANAM,17.9,19.6,16.6,10.7,43.6,46.9,84.3,127.8,126.0,270.7,368.5,203.9,1336.5,37.5,70.9,385.0,843.1,37.5,70.9,385.0,843.1,368.5,10.7,115.32711677500812,28.80658436213992,Moderate
KARNATAKA,UTTAR KANNADA,0.3,0.1,2.7,22.1,114.0,740.9,1053.8,667.7,258.5,155.1,44.1,11.2,3070.5,0.4,138.8,2720.9,210.4,0.4,138.8,2720.8999999999996,210.39999999999998,1053.8,0.1,360.05386749762874,88.61423220973782,High
KARNATAKA,DAKSHIN KANDA,1.9,0.7,6.4,39.8,180.9,977.2,1227.2,833.6,313.6,236.9,82.0,15.6,3915.8,2.6,227.1,3351.6,334.5,2.5999999999999996,227.1,3351.6,334.5,1227.2,0.7,434.1999619641819,85.5917053986414,High
KARNATAKA,UDUPI,1.4,0.4,4.1,29.4,193.8,1081.0,1371.6,902.2,404.9,223.8,74.6,18.8,4306.0,1.8,227.3,3759.7,317.2,1.7999999999999998,227.3,3759.7000000000003,317.2,1371.6,0.4,484.0235575283751,87.31305155596843,High
KARNATAKA,BELGAM,0.7,0.9,6.2,30.2,74.8,130.4,204.0,126.7,113.0,116.6,30.6,5.1,839.2,1.6,111.2,574.1,152.3,1.6,111.19999999999999,574.0999999999999,152.29999999999998,204.0,0.7,67.32468591336564,68.41039084842706,Low
KARNATAKA,BIDAR,5.9,6.1,10.1,21.7,31.4,137.1,190.7,196.6,170.5,93.5,20.9,6.2,890.7,12.0,63.2,694.9,120.6,12.0,63.199999999999996,694.9,120.60000000000001,196.6,5.9,78.40505694497935,78.01728977208936,Low
KARNATAKA,BIJAPUR,2.4,2.7,5.2,20.1,46.5,94.5,91.8,91.3,158.4,111.7,24.9,6.9,656.4,5.1,71.8,436.0,143.5,5.1,71.8,436.0,143.5,158.4,2.4,52.768378961095806,66.4229128580134,Low
KARNATAKA,DHARWAD,2.3,3.2,6.9,46.6,82.5,113.8,149.1,101.6,119.5,120.4,39.6,6.2,791.7,5.5,136.0,484.0,166.2,5.5,136.0,484.0,166.2,149.1,2.3,54.51885620423617,61.13426803081975,Low
KARNATAKA,GULBARGA,4.3,2.9,6.2,19.7,36.4,112.8,156.1,167.6,184.0,105.3,20.8,4.5,820.6,7.2,62.3,620.5,130.6,7.199999999999999,62.3,620.5,130.6,184.0,2.9,71.50385664529931,75.61540336339264,Low
KARNATAKA,YADGIR,4.4,3.6,5.2,20.5,36.8,116.8,153.0,161.2,179.8,123.4,24.5,5.3,834.5,8.0,62.5,610.8,153.2,8.0,62.5,610.8,153.20000000000002,179.8,3.6,70.72478616996928,73.19352905931696,Low
KARNATAKA,RAICHUR,1.4,2.0,4.1,17.7,40.5,81.7,110.2,122.2,147.5,110.5,21.4,5.9,665.1,3.4,62.3,461.6,137.8,3.4,62.3,461.6,137.8,147.5,1.4,55.04063168572502,69.40309727860472,Low
KARNATAKA,BAGALKOTE,1.8,1.5,4.5,23.5,57.3,80.1,73.6,72.5,137.1,112.8,25.3,7.0,597.0,3.3,85.3,363.3,145.1,3.3,85.3,363.29999999999995,145.1,137.1,1.5,46.1805645857058,60.854271356783904,Low
KARNATAKA,GADAG,1.2,1.0,3.9,33.5,71.7,85.1,70.4,75.3,137.5,121.1,33.0,7.5,641.2,2.2,109.1,368.3,161.6,2.2,109.1,368.3,161.6,137.5,1.0,47.29434587257923,57.43917654398003,Low
KARNATAKA,HAVERI,0.3,0.5,4.0,43.6,78.5,114.7,169.8,111.1,99.5,119.0,43.9,7.0,791.9,0.8,126.1,495.1,169.9,0.8,126.1,495.1,169.9,169.8,0.3,57.35816432864214,62.52052026771058,Low
KARNATAKA,KOPPAL,1.2,0.4,2.5,19.2,50.5,72.2,75.6,89.1,145.7,108.1,25.8,8.0,598.3,1.6,72.2,382.6,141.9,1.6,72.2,382.6,141.9,145.7,0.4,48.24864498018822,63.94785224803611,Low
KARNATAKA,BANGALORE RUR,1.7,5.8,7.6,36.2,93.1,71.2,91.7,118.1,170.9,171.8,55.4,13.5,837.0,7.5,136.9,451.9,240.7,7.5,136.9,451.9,240.70000000000002,171.8,1.7,61.119101314192655,53.99044205495818,Low
KARNATAKA,BELLARY,1.4,1.4,2.9,26.2,57.9,72.4,77.0,89.3,137.3,116.3,31.1,9.6,622.8,2.8,87.0,376.0,157.0,2.8,87.0,376.0,157.0,137.3,1.4,47.01011496572742,60.372511239563266,Low
KARNATAKA,CHIKMAGALUR,1.6,2.0,12.0,60.2,105.9,395.0,662.1,425.0,175.2,167.4,58.8,12.3,2077.5,3.6,178.1,1657.3,238.5,3.6,178.10000000000002,1657.3,238.5,662.1,1.6,211.63329401671098,79.77376654632971,High
KARNATAKA,CHITRADURGA,1.4,1.2,4.4,25.8,64.9,50.5,56.1,58.9,105.5,116.4,33.8,8.8,527.7,2.6,95.1,271.0,159.0,2.5999999999999996,95.10000000000001,271.0,159.0,116.4,1.2,39.03443992168967,51.35493651696039,Low
KARNATAKA,KODAGU,3.5,4.2,18.5,89.8,152.7,542.2,884.4,543.9,211.4,201.7,71.6,17.5,2741.4,7.7,261.0,2181.9,290.8,7.7,261.0,2181.9,290.79999999999995,884.4,3.5,280.9493176551762,79.59072007003721,High
KARNATAKA,HASSAN,1.3,2.5,10.7,55.1,102.2,125.0,203.8,130.0,115.5,156.0,54.1,10.9,967.1,3.8,168.0,574.3,221.0,3.8,168.0,574.3,221.0,203.8,1.3,67.71893059260506,59.383724537276386,Moderate
KARNATAKA,KOLAR,2.7,4.5,10.4,27.8,74.4,63.3,76.4,91.2,151.8,148.2,58.8,21.6,731.1,7.2,112.6,382.7,228.6,7.2,112.60000000000001,382.7,228.6,151.8,2.7,51.33969091878488,52.345780331008065,Low
KARNATAKA,MANDYA,1.9,3.6,7.6,45.3,105.1,48.7,49.3,58.9,128.2,153.1,47.0,14.0,662.7,5.5,158.0,285.1,214.1,5.5,158.0,285.1,214.1,153.1,1.9,49.658893280239155,43.02097480006036,Low
KARNATAKA,MYSORE,2.5,3.5,11.4,58.7,124.6,79.7,92.4,64.8,106.7,152.4,48.8,13.1,758.6,6.0,194.7,343.6,214.3,6.0,194.7,343.6,214.29999999999998,152.4,2.5,49.923338199380225,45.29396256261535,Low
KARNATAKA,SHIMOGA,0.5,0.4,6.3,38.0,78.3,346.8,624.3,403.8,139.1,137.5,44.6,8.3,1827.9,0.9,122.6,1514.0,190.4,0.9,122.6,1513.9999999999998,190.4,624.3,0.4,200.58287847262446,82.82728814486568,High
KARNATAKA,TUMKUR,2.4,3.0,7.1,34.0,87.1,61.5,69.7,79.5,148.5,148.9,46.7,10.1,698.5,5.4,128.2,359.2,205.7,5.4,128.2,359.2,205.70000000000002,148.9,2.4,51.88799928400564,51.42448103078024,Low
KARNATAKA,BANGALORE URB,2.3,6.7,8.2,39.2,106.3,73.9,91.6,128.9,181.3,159.7,53.9,18.0,870.0,9.0,153.7,475.7,231.6,9.0,153.7,475.7,231.6,181.3,2.3,61.75370434233075,54.67816091954023,Low
KARNATAKA,CHAMARAJANAGA,3.4,6.0,13.2,69.2,131.2,61.8,68.7,66.0,124.1,157.8,62.7,24.3,788.4,9.4,213.6,320.6,244.8,9.4,213.6,320.6,244.8,157.8,3.4,50.58239003663411,40.66463723997971,Low
KARNATAKA,DAVANGERE,1.1,0.8,4.2,35.0,74.0,78.7,102.9,87.0,116.3,124.4,44.9,7.4,676.7,1.9,113.2,384.9,176.7,1.9000000000000001,113.2,384.90000000000003,176.70000000000002,124.4,0.8,46.69355529471499,56.87897147923747,Low
KARNATAKA,RAMNAGAR(BNGR),1.5,4.7,10.2,47.9,122.3,73.1,84.5,108.8,187.6,174.1,54.0,15.0,883.7,6.2,180.4,454.0,243.1,6.2,180.39999999999998,454.0,243.1,187.6,1.5,64.15167337622375,51.374900984496996,Low
KARNATAKA,CHICKBALLAPUR,2.1,4.6,8.2,27.2,69.4,64.3,89.2,104.9,153.4,156.8,52.9,15.5,748.5,6.7,104.8,411.8,225.2,6.699999999999999,104.80000000000001,411.79999999999995,225.20000000000002,156.8,2.1,54.94867233072234,55.01670006680026,Low
KERALA,ALAPPUZHA,17.5,27.9,45.1,134.0,298.7,593.0,533.0,343.1,276.8,332.9,187.6,51.6,2841.2,45.4,477.8,1745.9,572.1,45.4,477.79999999999995,1745.8999999999999,572.1,593.0,17.5,194.55017737116435,61.44938758271154,High
KERALA,CANNUR,2.5,2.0,7.6,57.9,235.0,852.4,1055.0,540.9,220.7,229.4,91.6,24.1,3319.1,4.5,300.5,2669.0,345.1,4.5,300.5,2669.0,345.1,1055.0,2.0,354.5929560350811,80.41336506884397,High
KERALA,ERNAKULAM,13.2,18.8,31.2,112.0,300.4,696.4,670.2,401.3,297.1,299.9,145.0,44.4,3029.9,32.0,443.6,2065.0,489.3,32.0,443.59999999999997,2065.0,489.29999999999995,696.4,13.2,240.38761297058753,68.15406449057726,High
KERALA,KOTTAYAM,13.0,24.9,42.3,136.1,281.8,649.1,591.4,386.0,270.8,316.6,177.4,41.1,2930.5,37.9,460.2,1897.3,535.1,37.9,460.2,1897.3,535.1,649.1,13.0,215.67424281807857,64.7432178809077,High
KERALA,KOZHIKODE,2.3,3.9,15.1,80.9,256.6,895.8,955.2,500.9,251.2,262.1,130.1,30.0,3384.1,6.2,352.6,2603.1,422.2,6.199999999999999,352.6,2603.1,422.20000000000005,955.2,2.3,334.89236115594827,76.92148577169705,High
KERALA,MALAPPURAM,1.7,3.9,12.7,86.8,221.3,660.9,792.9,395.3,211.3,290.4,135.1,22.8,2835.1,5.6,320.8,2060.4,448.3,5.6,320.8,2060.4,448.3,792.9,1.7,262.22203103592585,72.67468519628937,High
KERALA,PALAKKAD,2.9,6.5,22.5,98.7,158.7,464.3,595.4,333.8,179.2,263.8,138.6,25.6,2290.0,9.4,279.9,1572.7,428.0,9.4,279.9,1572.7,428.0,595.4,2.9,191.05983038796717,68.67685589519651,High
KERALA,KOLLAM,17.5,33.7,62.6,158.5,248.5,457.7,398.0,258.7,217.9,362.7,221.4,54.5,2491.7,51.2,469.6,1332.3,638.6,51.2,469.6,1332.3000000000002,638.6,457.7,17.5,147.92299875477804,53.469518802424055,High
KERALA,THRISSUR,3.4,7.5,17.0,79.2,289.1,707.4,772.9,440.1,277.1,296.3,138.1,35.0,3063.1,10.9,385.3,2197.5,469.4,10.9,385.3,2197.5,469.4,772.9,3.4,267.0849965437742,71.74104665208449,High
KERALA,THIRUVANANTHA,19.3,21.1,35.5,116.7,216.6,338.7,228.9,142.0,161.7,268.0,192.0,62.7,1803.2,40.4,368.8,871.3,522.7,40.400000000000006,368.79999999999995,871.3,522.7,338.7,19.3,103.43844312029988,48.31965394853594,High
KERALA,IDUKKI,13.4,22.1,43.6,150.4,232.6,651.6,788.9,527.3,308.4,343.2,172.9,48.1,3302.5,35.5,426.6,2276.2,564.2,35.5,426.6,2276.2,564.2,788.9,13.4,259.4596148583132,68.92354277062832,High
KERALA,KASARGOD,2.3,1.0,8.4,46.9,217.6,999.6,1108.5,636.3,263.1,234.9,84.6,18.4,3621.6,3.3,272.9,3007.5,337.9,3.3,272.9,3007.4999999999995,337.9,1108.5,1.0,395.58619104495364,83.04340622929091,High
KERALA,PATHANAMTHITTA,19.8,45.2,73.9,184.9,294.7,556.9,539.9,352.7,266.2,359.4,213.5,51.3,2958.4,65.0,553.5,1715.7,624.2,65.0,553.5,1715.7,624.1999999999999,556.9,19.8,184.356331515077,57.99418604651163,High
KERALA,WAYANAD,4.8,8.3,17.5,83.3,174.6,698.1,1110.4,592.9,230.7,213.1,93.6,25.8,3253.1,13.1,275.4,2632.1,332.5,13.100000000000001,275.4,2632.1,332.5,1110.4,4.8,348.48461674234716,80.9105161230826,High
LAKSHADWEEP,LAKSHADWEEP,20.8,14.7,11.8,48.9,171.7,330.2,287.7,217.5,163.1,157.1,117.7,58.8,1600.0,35.5,232.4,998.5,333.6,35.5,232.39999999999998,998.5,333.6,330.2,11.8,107.46207223805507,62.40625,High
